SNP,Target Allele,Chromosome
rs578481,T,1
rs12405750,C,1
rs4074961,C,1
rs12750249,T,1
rs379944,T,1
rs17376328,G,1
rs6695223,C,1
rs61747728,C,1
rs5063,C,1
rs3738433,G,1
rs10490162,T,2
rs6707272,T,2
rs3138060,G,2
rs1801318,T,2
rs9287989,C,2
rs7606224,C,2
rs2241437,T,2
rs4148325,C,2
rs34732883,C,2
rs13007495,T,2
rs237902,G,3
rs9835385,G,3
rs9826379,T,3
rs7617456,G,3
rs2228468,C,3
rs2880961,C,3
rs712012,T,3
rs10513854,C,3
rs2202157,C,3
rs17022006,G,3
rs4522865,A,4
rs17031671,T,4
rs1391166,A,4
rs1878528,A,4
rs6858749,T,4
rs3762883,C,4
rs7679218,T,4
rs5743815,A,4
rs1435218,C,4
rs2006970,C,4
rs10475878,A,5
rs17855902,C,5
rs1402915,G,5
rs13153333,A,5
rs3846663,T,5
rs1881457,A,5
rs1157122,T,5
rs13166268,C,5
rs253072,G,5
rs6864869,G,5
rs7759855,A,6
rs769177,C,6
rs9468811,C,6
rs2395309,A,6
rs6910140,T,6
rs3127162,G,6
rs2269475,C,6
rs1051931,A,6
rs7776010,T,6
rs3819301,G,6
rs2462686,T,7
rs2069837,A,7
rs9648428,C,7
rs2286149,T,7
rs12699683,T,7
rs10246256,T,7
rs17236239,A,7
rs12539800,C,7
rs1568820,A,7
rs3736638,C,7
rs7822058,C,8
rs12543318,A,8
rs6983130,G,8
rs17482753,G,8
rs1441756,A,8
rs1504749,C,8
rs13269021,G,8
rs516946,C,8
rs7843479,C,8
rs63020761,T,8
rs111846096,C,9
rs6475526,C,9
rs1325154,T,9
rs3205166,T,9
rs2070997,A,9
rs10760502,G,9
rs649057,A,9
rs1360517,T,9
rs1324192,G,9
rs12348435,A,9
rs3125734,T,10
rs36035572,A,10
rs10761600,A,10
rs11592462,C,10
rs10857748,C,10
rs10882807,T,10
rs12770171,G,10
rs1800861,G,10
rs2299941,A,10
rs17135159,A,10
rs664982,T,11
rs2511989,C,11
rs2167457,C,11
rs5030141,G,11
rs2292573,G,11
rs10894294,A,11
rs7101429,A,11
rs10792665,T,11
rs10896794,T,11
rs2228325,C,11
rs10859871,C,12
rs2284685,G,12
rs2134142,T,12
rs11105306,C,12
rs1136666,G,12
rs14035,T,12
rs324011,T,12
rs2681492,T,12
rs3736309,A,12
rs939876,A,12
rs7335631,C,13
rs3918341,A,13
rs72474224,C,13
rs726455,C,13
rs1192201,G,13
rs7988257,A,13
rs12871532,C,13
rs4769591,C,13
rs9523562,G,13
rs9542236,T,13
rs945270,G,14
rs10129516,T,14
rs696,C,14
rs11622475,C,14
rs2277460,C,14
rs2075173,A,14
rs3136817,T,14
rs10131141,T,14
rs11622412,C,14
rs11159647,G,14
rs8035452,C,15
rs900414,G,15
rs10519227,A,15
rs11247226,T,15
rs1559777,A,15
rs12593359,T,15
rs4775892,G,15
rs7164335,G,15
rs3867498,G,15
rs4646,C,15
rs12935229,C,16
rs1805008,C,16
rs9934438,G,16
rs11647936,A,16
rs12446632,G,16
rs6540223,T,16
rs698718,A,16
rs1805016,T,16
rs3087456,G,16
rs1478693,T,16
rs16949,T,17
rs471692,T,17
rs6504218,G,17
rs4267385,T,17
rs1981997,G,17
rs12453407,G,17
rs2537710,A,17
rs6504649,C,17
rs11658342,G,17
rs393152,G,17
rs75404003,C,18
rs4130047,C,18
rs1557305,C,18
rs12604675,A,18
rs694419,T,18
rs1462129,C,18
rs4800452,C,18
rs17759659,A,18
rs833497,T,18
rs1148374,T,18
rs2233152,G,19
rs8102150,C,19
rs1382358,T,19
rs7258249,G,19
rs10413089,T,19
rs720308,A,19
rs2657940,G,19
rs238417,C,19
rs8108622,A,19
rs11569562,A,19
rs2902940,G,20
rs2866943,C,20
rs6074028,A,20
rs16982520,G,20
rs34972666,A,20
rs16985615,T,20
rs6046396,G,20
rs383112,T,20
rs452159,G,20
rs1970546,G,20
rs7435,G,21
rs17000900,C,21
rs741864,A,21
rs17846179,C,21
rs2070788,G,21
rs6517656,A,21
rs915832,A,21
rs2833610,G,21
rs2150410,A,21
rs2236484,G,21
rs35228531,C,22
rs4821480,G,22
rs1421312,G,22
rs5762430,A,22
rs2071421,T,22
rs701421,A,22
rs8141691,G,22
rs4821897,G,22
rs165849,G,22
rs6000782,C,22
