SNP,Chromosome,Location,Target Allele,European,Mediterranean,Native American,Northeast Asian,Northern European,Southeast Asian,Southwest Asian,Sub-Saharan African
rs3184504,12,12:111446804-111446804,T,0.287234043,0.460691824,0.094117647,0.00297619,0.434256055,0.037234043,0.088039867,0.013274336
rs2327832,6,6:137651931-137651931,G,0.127659574,0.155660377,0.058823529,0.003968254,0.166089965,0.119680851,0.104651163,0.092920354
rs13151961,4,4:122194347-122194347,A,0.909574468,0.880503145,0.970588235,0.999007937,0.832179931,0.912234043,0.882059801,0.986725664
rs17810546,3,3:159947262-159947262,G,0.10106383,0.091194969,0.070588235,0,0.103806228,0.013297872,0.044850498,0.000884956
rs1464510,3,3:188394766-188394766,A,0.425531915,0.433962264,0.647058824,0.604166667,0.522491349,0.489361702,0.490033223,0.209734513
rs842647,2,2:60892336-60892336,A,0.654255319,0.712264151,0.247058824,0.126984127,0.673010381,0.300531915,0.327242525,0.57079646
rs2816316,1,1:192567683-192567683,C,0.234042553,0.16509434,0.417647059,0.198412698,0.178200692,0.069148936,0.074750831,0.298230088
rs578481,1,1:65063072-65063072,T,0.9148936170212766,0.8757861635220126,0.8470588235294118,0.683531746031746,0.9152249134948097,0.8271276595744681,0.8488372093023255,0.763716814159292
rs12405750,1,1:209804499-209804499,C,0.8138297872340425,0.9654088050314465,0.7235294117647059,0.5694444444444444,0.9809688581314879,0.8643617021276596,0.9335548172757475,0.9991150442477876
rs4074961,1,1:37627051-37627051,C,0.5053191489361702,0.5880503144654088,0.32941176470588235,0.5089285714285714,0.5155709342560554,0.5718085106382979,0.6029900332225914,0.7823008849557522
rs12750249,1,1:94256104-94256104,T,0.7074468085106383,0.7767295597484277,0.5705882352941176,0.6984126984126984,0.7612456747404844,0.824468085106383,0.8355481727574751,0.9858407079646018
rs379944,1,1:28873487-28873487,T,0.07446808510638298,0.0959119496855346,0.07647058823529412,0.14186507936507936,0.06747404844290658,0.18617021276595744,0.1777408637873754,0.16106194690265488
rs17376328,1,1:11816605-11816605,G,0.9840425531914894,0.9622641509433962,0.9941176470588236,0.998015873015873,0.9256055363321799,0.9441489361702128,0.9518272425249169,0.9805309734513274
rs6695223,1,1:85066028-85066028,C,0.13297872340425532,0.13364779874213836,0.047058823529411764,0.21329365079365079,0.11245674740484429,0.10638297872340426,0.08970099667774087,0.22743362831858407
rs61747728,1,1:179557079-179557079,C,0.973404255319149,0.9748427672955975,0.9941176470588236,1.0,0.9515570934256056,0.9867021276595744,0.978405315614618,0.9973451327433628
rs5063,1,1:11847591-11847591,C,0.9574468085106383,0.9654088050314465,0.9588235294117647,0.8849206349206349,0.9567474048442907,0.875,0.9069767441860465,0.9362831858407079
rs3738433,1,1:240123416-240123416,G,0.9042553191489362,0.8757861635220126,0.9176470588235294,0.873015873015873,0.9204152249134948,0.8617021276595744,0.8305647840531561,0.9938053097345133
rs10490162,2,2:51020519-51020519,T,0.7553191489361702,0.8490566037735849,0.35294117647058826,0.5456349206349206,0.8788927335640139,0.7978723404255319,0.8089700996677741,0.8991150442477877
rs6707272,2,2:229744433-229744433,T,0.25,0.3474842767295597,0.1411764705882353,0.25793650793650796,0.25951557093425603,0.30319148936170215,0.30066445182724255,0.37787610619469025
rs3138060,2,2:218166777-218166777,G,0.9308510638297872,0.9669811320754716,0.7,0.9255952380952381,0.9567474048442907,0.8563829787234043,0.8687707641196013,0.8911504424778761
rs1801318,2,2:206141952-206141952,T,0.6861702127659575,0.6509433962264151,0.788235294117647,0.7867063492063492,0.6747404844290658,0.8297872340425532,0.7774086378737541,0.54070796460177
rs9287989,2,2:175853013-175853013,C,0.40425531914893614,0.4968553459119497,0.3588235294117647,0.5922619047619048,0.513840830449827,0.6835106382978723,0.5813953488372093,0.48849557522123893
rs7606224,2,2:189778923-189778923,C,0.9893617021276596,1.0,0.9941176470588236,0.998015873015873,1.0,1.0,1.0,0.9380530973451328
rs2241437,2,2:86133450-86133450,T,0.973404255319149,0.9449685534591195,0.9764705882352941,0.7738095238095238,0.9809688581314879,0.976063829787234,0.9883720930232558,0.9982300884955753
rs4148325,2,2:233764663-233764663,C,0.6595744680851063,0.6949685534591195,0.5470588235294118,0.8700396825396826,0.6851211072664359,0.5585106382978723,0.5697674418604651,0.5053097345132743
rs34732883,2,2:214809647-214809647,C,0.30319148936170215,0.33490566037735847,0.23529411764705882,0.21726190476190477,0.3391003460207612,0.39361702127659576,0.41362126245847175,0.42920353982300885
rs13007495,2,2:192090779-192090779,T,0.9095744680851063,0.910377358490566,0.9647058823529412,0.9990079365079365,0.8529411764705882,0.9654255319148937,0.978405315614618,0.9946902654867257
rs237902,3,3:8767498-8767498,G,0.7553191489361702,0.6776729559748428,0.8294117647058824,0.9454365079365079,0.6782006920415224,0.726063829787234,0.7009966777408638,0.6911504424778762
rs9835385,3,3:173884738-173884738,G,0.44148936170212766,0.36477987421383645,0.5647058823529412,0.7837301587301587,0.34256055363321797,0.4654255319148936,0.4368770764119601,0.6761061946902654
rs9826379,3,3:197100377-197100377,T,0.6170212765957447,0.7138364779874213,0.611764705882353,0.28174603174603174,0.6972318339100346,0.6462765957446809,0.729235880398671,0.7876106194690266
rs7617456,3,3:133009059-133009059,G,0.5106382978723404,0.5880503144654088,0.5294117647058824,0.7648809523809523,0.6020761245674741,0.6303191489361702,0.6411960132890365,0.8026548672566372
rs2228468,3,3:42865620-42865620,C,0.5,0.4449685534591195,0.788235294117647,0.6775793650793651,0.3719723183391003,0.4175531914893617,0.4318936877076412,0.2150442477876106
rs2880961,3,3:88475025-88475025,C,0.5159574468085106,0.639937106918239,0.2411764705882353,0.5406746031746031,0.726643598615917,0.6675531914893617,0.7059800664451827,0.8265486725663717
rs712012,3,3:196237816-196237816,T,0.7606382978723404,0.6650943396226415,0.6529411764705882,0.8521825396825397,0.6193771626297578,0.6409574468085106,0.6362126245847176,0.8893805309734514
rs10513854,3,3:190588085-190588085,C,0.8404255319148937,0.8144654088050315,0.6647058823529411,0.8333333333333334,0.870242214532872,0.7446808510638298,0.7342192691029901,0.7442477876106195
rs2202157,3,3:26501929-26501929,C,0.9468085106382979,0.8553459119496856,0.6529411764705882,0.7371031746031746,0.8131487889273357,0.8085106382978723,0.8588039867109635,0.9920353982300885
rs17022006,3,3:2897050-2897050,G,0.7074468085106383,0.6745283018867925,0.4294117647058823,0.4097222222222222,0.6782006920415224,0.5930851063829787,0.5780730897009967,0.904424778761062
rs4522865,4,4:101794731-101794731,A,0.5106382978723404,0.5786163522012578,0.4470588235294118,0.558531746031746,0.5346020761245674,0.6702127659574468,0.7591362126245847,0.7690265486725664
rs17031671,4,4:154468095-154468095,T,0.9946808510638298,0.9921383647798742,1.0,1.0,1.0,1.0,1.0,0.9203539823008849
rs1391166,4,4:46103850-46103850,A,0.601063829787234,0.5188679245283019,0.49411764705882355,0.3333333333333333,0.5813148788927336,0.34574468085106386,0.34219269102990035,0.8026548672566372
rs1878528,4,4:81263080-81263080,A,0.7393617021276596,0.7012578616352201,0.6705882352941176,0.8234126984126984,0.6470588235294118,0.7819148936170213,0.8073089700996677,0.37610619469026546
rs6858749,4,4:55424270-55424270,T,0.5053191489361702,0.48427672955974843,0.38823529411764707,0.12103174603174603,0.5121107266435986,0.4095744680851064,0.43023255813953487,0.7814159292035399
rs3762883,4,4:73064835-73064835,C,0.0,0.0,0.0,0.0,0.0,0.018617021276595744,0.019933554817275746,0.004424778761061947
rs7679218,4,4:78585710-78585710,T,0.6436170212765957,0.7264150943396226,0.4,0.8660714285714286,0.7058823529411765,0.6728723404255319,0.7159468438538206,0.8256637168141593
rs5743815,4,4:38828194-38828194,A,0.9521276595744681,0.9858490566037735,0.8058823529411765,0.9990079365079365,0.9826989619377162,1.0,0.9916943521594684,0.9973451327433628
rs1435218,4,4:53535732-53535732,C,0.9414893617021277,0.8962264150943396,0.9764705882352941,0.8978174603174603,0.8996539792387543,0.9175531914893617,0.9584717607973422,0.8982300884955752
rs2006970,4,4:43318490-43318490,C,0.44148936170212766,0.36792452830188677,0.5882352941176471,0.8224206349206349,0.35121107266435986,0.6063829787234043,0.5481727574750831,0.6646017699115044
rs10475878,5,5:168363199-168363199,A,0.3723404255319149,0.3270440251572327,0.5294117647058824,0.566468253968254,0.28719723183391005,0.34574468085106386,0.3239202657807309,0.6522123893805309
rs17855902,5,5:33951588-33951588,C,0.3617021276595745,0.20754716981132076,0.8411764705882353,0.9940476190476191,0.02768166089965398,0.949468085106383,0.9352159468438538,0.9734513274336283
rs1402915,5,5:62897659-62897659,G,0.4308510638297872,0.4858490566037736,0.20588235294117646,0.376984126984127,0.4671280276816609,0.324468085106383,0.3372093023255814,0.5761061946902655
rs13153333,5,5:91685570-91685570,A,0.9574468085106383,0.9654088050314465,0.9941176470588236,1.0,0.9757785467128027,0.9840425531914894,0.9883720930232558,0.9982300884955753
rs3846663,5,5:75359901-75359901,T,0.44680851063829785,0.3474842767295597,0.5235294117647059,0.5099206349206349,0.40484429065743943,0.5638297872340425,0.5465116279069767,0.23097345132743363
rs1881457,5,5:132656717-132656717,A,0.851063829787234,0.8411949685534591,0.6882352941176471,0.7619047619047619,0.8096885813148789,0.7978723404255319,0.792358803986711,0.7938053097345132
rs1157122,5,5:161892308-161892308,T,0.898936170212766,0.8962264150943396,0.9470588235294117,0.7361111111111112,0.8788927335640139,0.7632978723404256,0.7906976744186046,0.6619469026548672
rs13166268,5,5:121024223-121024223,C,0.9361702127659575,0.8569182389937107,0.9470588235294117,0.8809523809523809,0.8927335640138409,0.7606382978723404,0.7840531561461794,0.9876106194690265
rs253072,5,5:76728994-76728994,G,0.2925531914893617,0.4056603773584906,0.12352941176470589,0.5416666666666666,0.3633217993079585,0.2579787234042553,0.2026578073089701,0.452212389380531
rs6864869,5,5:89756040-89756040,G,0.7872340425531915,0.8569182389937107,0.9,0.8551587301587301,0.9117647058823529,0.9361702127659575,0.9385382059800664,0.9610619469026549
rs7759855,6,6:28315086-28315086,A,0.9893617021276596,0.9889937106918238,1.0,0.9494047619047619,0.9965397923875432,0.9574468085106383,0.9750830564784053,0.9141592920353983
rs769177,6,6:31579834-31579834,C,0.9840425531914894,0.9716981132075472,0.9764705882352941,0.9226190476190477,0.972318339100346,0.9148936170212766,0.9069767441860465,0.9893805309734514
rs9468811,6,6:30698892-30698892,C,0.9308510638297872,0.9528301886792453,0.9882352941176471,0.935515873015873,0.9913494809688581,0.976063829787234,0.9767441860465116,0.8707964601769912
rs2395309,6,6:33058469-33058469,A,0.723404255319149,0.7421383647798742,0.6823529411764706,0.3194444444444444,0.8408304498269896,0.6063829787234043,0.6495016611295681,0.40353982300884955
rs6910140,6,6:70234554-70234554,T,0.973404255319149,0.9858490566037735,0.9176470588235294,0.8630952380952381,0.9878892733564014,0.973404255319149,0.9933554817275747,0.868141592920354
rs3127162,6,6:158838664-158838664,G,0.12234042553191489,0.1430817610062893,0.08235294117647059,0.03373015873015873,0.14186851211072665,0.05053191489361702,0.06312292358803986,0.31150442477876106
rs2269475,6,6:31616154-31616154,C,0.8138297872340425,0.8946540880503144,0.7235294117647059,0.8720238095238095,0.7854671280276817,0.8696808510638298,0.9086378737541528,0.8991150442477877
rs1051931,6,6:46705206-46705206,A,0.13829787234042554,0.2358490566037736,0.1588235294117647,0.09126984126984126,0.21972318339100347,0.13031914893617022,0.15282392026578073,0.2814159292035398
rs7776010,6,6:14723377-14723377,T,0.6914893617021277,0.7248427672955975,0.7823529411764706,0.9464285714285714,0.8148788927335641,0.8058510638297872,0.7524916943521595,0.8495575221238938
rs3819301,6,6:31354452-31354452,G,0.4148936170212766,0.43238993710691825,0.43529411764705883,0.35912698412698413,0.28719723183391005,0.3882978723404255,0.41362126245847175,0.41415929203539825
rs2462686,7,7:45942861-45942861,T,0.7180851063829787,0.6776729559748428,0.8823529411764706,0.9751984126984127,0.6695501730103807,0.7287234042553191,0.6677740863787376,0.7592920353982301
rs2069837,7,7:22728408-22728408,A,0.9308510638297872,0.89937106918239,0.9529411764705882,0.8591269841269841,0.9117647058823529,0.8111702127659575,0.8637873754152824,0.879646017699115
rs9648428,7,7:36172140-36172140,C,0.8351063829787234,0.8553459119496856,0.9411764705882353,0.8561507936507936,0.801038062283737,0.9148936170212766,0.9186046511627907,0.7769911504424779
rs2286149,7,7:106659346-106659346,T,0.851063829787234,0.8883647798742138,0.6764705882352942,0.4871031746031746,0.8339100346020761,0.6276595744680851,0.6528239202657807,0.952212389380531
rs12699683,7,7:15093502-15093502,T,0.14893617021276595,0.07232704402515723,0.17647058823529413,0.19940476190476192,0.09169550173010381,0.031914893617021274,0.036544850498338874,0.06371681415929203
rs10246256,7,7:147857715-147857715,T,0.7659574468085106,0.7232704402515723,0.5529411764705883,0.6527777777777778,0.6418685121107266,0.723404255319149,0.7441860465116279,0.7743362831858407
rs17236239,7,7:147885213-147885213,A,0.6808510638297872,0.6257861635220126,0.8411764705882353,0.7450396825396826,0.6799307958477508,0.7287234042553191,0.7093023255813954,0.9442477876106194
rs12539800,7,7:129839298-129839298,C,0.07446808510638298,0.08962264150943396,0.011764705882352941,0.03968253968253968,0.10207612456747404,0.018617021276595744,0.02159468438538206,0.010619469026548672
rs1568820,7,7:55413206-55413206,A,0.5,0.6430817610062893,0.2235294117647059,0.4603174603174603,0.6522491349480969,0.6356382978723404,0.6561461794019934,0.7451327433628319
rs3736638,7,7:94417954-94417954,C,0.9574468085106383,0.9685534591194969,0.9352941176470588,0.6319444444444444,0.9792387543252595,0.9414893617021277,0.9385382059800664,0.7398230088495575
rs7822058,8,8:52772301-52772301,C,0.8723404255319149,0.9182389937106918,0.9235294117647059,0.9573412698412699,0.8823529411764706,0.9388297872340425,0.9069767441860465,0.9079646017699115
rs12543318,8,8:87856112-87856112,A,0.574468085106383,0.6242138364779874,0.5294117647058824,0.41964285714285715,0.6522491349480969,0.4946808510638298,0.53156146179402,0.8150442477876106
rs6983130,8,8:55880680-55880680,G,0.1595744680851064,0.23113207547169812,0.047058823529411764,0.1259920634920635,0.17993079584775087,0.2393617021276596,0.25083056478405313,0.18495575221238938
rs17482753,8,8:19975135-19975135,G,0.925531914893617,0.8742138364779874,0.9764705882352941,0.8819444444444444,0.8806228373702422,0.9069148936170213,0.9235880398671097,0.9548672566371681
rs1441756,8,8:20010875-20010875,A,0.7553191489361702,0.7232704402515723,0.7705882352941177,0.7688492063492064,0.726643598615917,0.7978723404255319,0.8089700996677741,0.8840707964601769
rs1504749,8,8:54398151-54398151,C,0.3776595744680851,0.24213836477987422,0.6352941176470588,0.33134920634920634,0.22145328719723184,0.4627659574468085,0.40863787375415284,0.48761061946902656
rs13269021,8,8:6539242-6539242,G,0.7180851063829787,0.7594339622641509,0.7529411764705882,0.5783730158730159,0.7093425605536332,0.699468085106383,0.6810631229235881,0.8035398230088495
rs516946,8,8:41661730-41661730,C,0.8085106382978723,0.6839622641509434,0.9176470588235294,0.8551587301587301,0.8217993079584776,0.8085106382978723,0.8106312292358804,0.8008849557522124
rs7843479,8,8:21963302-21963302,C,0.7287234042553191,0.6210691823899371,0.9176470588235294,0.6011904761904762,0.5346020761245674,0.8058510638297872,0.8355481727574751,0.7495575221238938
rs63020761,8,8:42186171-42186171,T,0.9946808510638298,0.9827044025157232,0.9823529411764705,0.9861111111111112,0.9705882352941176,0.9627659574468085,0.96843853820598,0.9831858407079646
rs111846096,9,9:97852049-97852049,C,0.9680851063829787,0.9481132075471698,0.9764705882352941,0.9543650793650794,0.9740484429065744,0.9441489361702128,0.9617940199335548,0.8486725663716814
rs6475526,9,9:21242162-21242162,C,0.5957446808510638,0.6477987421383647,0.6647058823529411,0.6498015873015873,0.6522491349480969,0.425531914893617,0.4186046511627907,0.7345132743362832
rs1325154,9,9:12582565-12582565,T,0.8670212765957447,0.910377358490566,0.9117647058823529,0.8184523809523809,0.884083044982699,0.7420212765957447,0.7358803986710963,0.9584070796460177
rs3205166,9,9:32459452-32459452,T,0.6914893617021277,0.6147798742138365,0.6764705882352942,0.5476190476190477,0.6591695501730104,0.7207446808510638,0.7657807308970099,0.8026548672566372
rs2070997,9,9:130872696-130872696,A,0.824468085106383,0.8710691823899371,0.8,0.9246031746031746,0.884083044982699,0.9308510638297872,0.9003322259136213,0.8017699115044248
rs10760502,9,9:127802988-127802988,G,0.5478723404255319,0.6367924528301887,0.5823529411764706,0.9583333333333334,0.6643598615916955,0.7154255319148937,0.7093023255813954,0.9026548672566371
rs649057,9,9:99472041-99472041,A,0.11170212765957446,0.08962264150943396,0.37058823529411766,0.15674603174603174,0.04498269896193772,0.09308510638297872,0.08637873754152824,0.11150442477876106
rs1360517,9,9:13007130-13007130,T,0.09042553191489362,0.10220125786163523,0.01764705882352941,0.13293650793650794,0.06920415224913495,0.28191489361702127,0.21926910299003322,0.2168141592920354
rs1324192,9,9:13612346-13612346,G,0.574468085106383,0.6257861635220126,0.43529411764705883,0.17559523809523808,0.6401384083044983,0.3882978723404255,0.3372093023255814,0.595575221238938
rs12348435,9,9:28600144-28600144,A,0.9308510638297872,0.9135220125786163,0.9823529411764705,0.9623015873015873,0.9550173010380623,0.9627659574468085,0.9601328903654485,0.8132743362831858
rs3125734,10,10:62198353-62198353,T,0.32978723404255317,0.3867924528301887,0.13529411764705881,0.1001984126984127,0.35813148788927335,0.4654255319148936,0.5016611295681063,0.6911504424778762
rs36035572,10,10:93593486-93593486,A,0.851063829787234,0.7547169811320755,0.9588235294117647,0.9097222222222222,0.8356401384083045,0.6117021276595744,0.6710963455149501,0.8026548672566372
rs10761600,10,10:61997361-61997361,A,0.6436170212765957,0.6509433962264151,0.8588235294117647,0.6428571428571429,0.5916955017301038,0.7047872340425532,0.7774086378737541,0.7893805309734513
rs11592462,10,10:71790360-71790360,C,0.6276595744680851,0.5220125786163522,0.8411764705882353,0.8402777777777778,0.5242214532871973,0.5319148936170213,0.4634551495016611,0.736283185840708
rs10857748,10,10:133558806-133558806,C,0.17553191489361702,0.12264150943396226,0.17647058823529413,0.2698412698412698,0.11764705882352941,0.21808510638297873,0.21926910299003322,0.04513274336283186
rs10882807,10,10:96508362-96508362,T,0.526595744680851,0.4968553459119497,0.5176470588235295,0.8561507936507936,0.5121107266435986,0.7659574468085106,0.6960132890365448,0.6663716814159292
rs12770171,10,10:46046508-46046508,G,0.8074534161490683,0.7775700934579439,0.9308176100628931,0.707168894289186,0.7984031936127745,0.7987616099071208,0.7361963190184049,0.9500924214417745
rs1800861,10,10:43118395-43118395,G,0.26595744680851063,0.22955974842767296,0.3176470588235294,0.5257936507936508,0.2422145328719723,0.4175531914893617,0.3920265780730897,0.07699115044247788
rs2299941,10,10:87944962-87944962,A,0.9468085106382979,0.9119496855345912,0.9,0.6974206349206349,0.8615916955017301,0.8590425531914894,0.8870431893687708,0.995575221238938
rs17135159,10,10:3366755-3366755,A,0.7180851063829787,0.7547169811320755,0.7470588235294118,0.6498015873015873,0.7698961937716263,0.726063829787234,0.7242524916943521,0.8283185840707965
rs664982,11,11:108354756-108354756,T,0.6648936170212766,0.6635220125786163,0.7,0.43452380952380953,0.5761245674740484,0.651595744680851,0.6943521594684385,0.384070796460177
rs2511989,11,11:57610852-57610852,C,0.6861702127659575,0.6242138364779874,0.6941176470588235,0.8611111111111112,0.5674740484429066,0.648936170212766,0.6079734219269103,0.5964601769911504
rs2167457,11,11:66874925-66874925,C,0.75,0.6965408805031447,0.9117647058823529,0.8670634920634921,0.7577854671280276,0.8936170212765957,0.8887043189368771,0.731858407079646
rs5030141,11,11:32434307-32434307,G,0.75,0.8066037735849056,0.5176470588235295,0.314484126984127,0.8235294117647058,0.6223404255319149,0.6262458471760798,0.7716814159292036
rs2292573,11,11:78342093-78342093,G,0.2765957446808511,0.22169811320754718,0.48823529411764705,0.40674603174603174,0.17474048442906576,0.27393617021276595,0.29900332225913623,0.36460176991150445
rs10894294,11,11:130960853-130960853,A,0.5159574468085106,0.5408805031446541,0.47058823529411764,0.5198412698412699,0.4982698961937716,0.6436170212765957,0.6411960132890365,0.7584070796460177
rs7101429,11,11:78281921-78281921,A,0.776595744680851,0.8018867924528302,0.5117647058823529,0.5972222222222222,0.8304498269896193,0.7207446808510638,0.6993355481727574,0.9460176991150443
rs10792665,11,11:82938726-82938726,T,0.5531914893617021,0.4638364779874214,0.7176470588235294,0.3402777777777778,0.4342560553633218,0.3803191489361702,0.38704318936877075,0.3274336283185841
rs10896794,11,11:58571651-58571651,T,0.7925531914893617,0.7955974842767296,0.7058823529411765,0.816468253968254,0.7629757785467128,0.6781914893617021,0.7674418604651163,0.8557522123893805
rs2228325,11,11:66560624-66560624,C,0.4946808510638298,0.5534591194968553,0.24705882352941178,0.5565476190476191,0.5657439446366782,0.3829787234042553,0.4318936877076412,0.8858407079646018
rs10859871,12,12:95318100-95318100,C,0.3776595744680851,0.3522012578616352,0.27647058823529413,0.25,0.29411764705882354,0.4095744680851064,0.3903654485049834,0.5858407079646017
rs2284685,12,12:109248977-109248977,G,0.6436170212765957,0.6352201257861635,0.7411764705882353,0.7172619047619048,0.583044982698962,0.7367021276595744,0.7242524916943521,0.8495575221238938
rs2134142,12,12:117518703-117518703,T,0.6276595744680851,0.5455974842767296,0.5,0.6051587301587301,0.5207612456747405,0.4175531914893617,0.39867109634551495,0.6389380530973451
rs11105306,12,12:89503611-89503611,C,0.8138297872340425,0.7625786163522013,0.8941176470588236,0.8095238095238095,0.7923875432525952,0.675531914893617,0.6146179401993356,0.9203539823008849
rs1136666,12,12:6534825-6534825,G,0.28191489361702127,0.20911949685534592,0.2,0.25793650793650796,0.2820069204152249,0.22606382978723405,0.1893687707641196,0.2991150442477876
rs14035,12,12:130876696-130876696,T,0.2925531914893617,0.32861635220125784,0.24705882352941178,0.19444444444444445,0.34256055363321797,0.12234042553191489,0.1744186046511628,0.3601769911504425
rs324011,12,12:57108399-57108399,T,0.324468085106383,0.33176100628930816,0.5117647058823529,0.25297619047619047,0.3875432525951557,0.2872340425531915,0.3687707641196013,0.11592920353982301
rs2681492,12,12:89619312-89619312,T,0.8563829787234043,0.8411949685534591,0.9294117647058824,0.683531746031746,0.8754325259515571,0.6808510638297872,0.6478405315614618,0.8743362831858407
rs3736309,12,12:49964271-49964271,A,0.8882978723404256,0.860062893081761,0.9529411764705882,0.6746031746031746,0.8615916955017301,0.8111702127659575,0.7524916943521595,0.9902654867256637
rs939876,12,12:64858338-64858338,A,0.9414893617021277,0.8757861635220126,0.9705882352941176,0.9543650793650794,0.8754325259515571,0.9202127659574468,0.9501661129568106,0.9858407079646018
rs7335631,13,13:30383551-30383551,C,0.12234042553191489,0.12106918238993711,0.03529411764705882,0.002976190476190476,0.10207612456747404,0.03723404255319149,0.02823920265780731,0.38495575221238937
rs3918341,13,13:105468070-105468070,A,0.5638297872340425,0.5990566037735849,0.43529411764705883,0.37003968253968256,0.5726643598615917,0.5478723404255319,0.5598006644518272,0.9256637168141593
rs72474224,13,13:20189473-20189473,C,0.9946808510638298,1.0,1.0,0.9265873015873016,1.0,1.0,1.0,0.9991150442477876
rs726455,13,13:111997186-111997186,C,0.48404255319148937,0.4889937106918239,0.5588235294117647,0.7936507936507936,0.5051903114186851,0.6356382978723404,0.6760797342192691,0.5300884955752212
rs1192201,13,13:110154143-110154143,G,0.05851063829787234,0.11006289308176101,0.12352941176470589,0.25396825396825395,0.06747404844290658,0.05585106382978723,0.06312292358803986,0.05221238938053097
rs7988257,13,13:92813286-92813286,A,0.19680851063829788,0.15251572327044025,0.19411764705882353,0.3680555555555556,0.13494809688581316,0.4441489361702128,0.3754152823920266,0.6814159292035398
rs12871532,13,13:108016199-108016199,C,0.5797872340425532,0.4827044025157233,0.6,0.6607142857142857,0.4809688581314879,0.46808510638297873,0.526578073089701,0.23185840707964603
rs4769591,13,13:28053535-28053535,C,0.8191489361702128,0.8238993710691824,0.9058823529411765,0.9503968253968254,0.7698961937716263,0.8962765957446809,0.9186046511627907,0.9495575221238938
rs9523562,13,13:86858787-86858787,G,0.4095744680851064,0.44654088050314467,0.6352941176470588,0.6607142857142857,0.3961937716262976,0.6143617021276596,0.5813953488372093,0.5230088495575221
rs9542236,13,13:31245188-31245188,T,0.7180851063829787,0.5754716981132075,0.8588235294117647,0.9851190476190477,0.5986159169550173,0.8723404255319149,0.8488372093023255,0.8292035398230089
rs945270,14,14:55733755-55733755,G,0.5319148936170213,0.4308176100628931,0.6882352941176471,0.7619047619047619,0.3875432525951557,0.5904255319148937,0.5431893687707641,0.9017699115044248
rs10129516,14,14:63133372-63133372,T,0.09042553191489362,0.13364779874213836,0.07647058823529412,0.18055555555555555,0.1245674740484429,0.07180851063829788,0.03986710963455149,0.2752212389380531
rs696,14,14:35401887-35401887,C,0.7553191489361702,0.5974842767295597,0.8117647058823529,0.6041666666666666,0.6072664359861591,0.5292553191489362,0.5897009966777409,0.34690265486725663
rs11622475,14,14:104042739-104042739,C,0.75,0.6965408805031447,0.8117647058823529,0.7123015873015873,0.7370242214532872,0.5797872340425532,0.5465116279069767,0.95929203539823
rs2277460,14,14:35292367-35292367,C,0.9095744680851063,0.9040880503144654,0.9764705882352941,0.9831349206349206,0.9100346020761245,0.9095744680851063,0.8637873754152824,0.9123893805309734
rs2075173,14,14:81088273-81088273,A,0.9361702127659575,0.89937106918239,0.8411764705882353,0.8392857142857143,0.9013840830449827,0.898936170212766,0.9119601328903655,0.9831858407079646
rs3136817,14,14:20456275-20456275,T,0.7393617021276596,0.7421383647798742,0.8058823529411765,0.8878968253968254,0.6885813148788927,0.8936170212765957,0.8571428571428571,0.8469026548672567
rs10131141,14,14:20793574-20793574,T,0.6968085106382979,0.64937106918239,0.7176470588235294,0.7529761904761905,0.5882352941176471,0.7686170212765957,0.8073089700996677,0.5973451327433629
rs11622412,14,14:38214056-38214056,C,0.9042553191489362,0.949685534591195,0.8176470588235294,0.6299603174603174,0.9377162629757786,0.9122340425531915,0.9401993355481728,0.8734513274336283
rs11159647,14,14:84308865-84308865,G,0.7021276595744681,0.5754716981132075,0.6235294117647059,0.7559523809523809,0.5553633217993079,0.4867021276595745,0.49667774086378735,0.9831858407079646
rs8035452,15,15:50748601-50748601,C,0.3404255319148936,0.33490566037735847,0.27647058823529413,0.6309523809523809,0.3373702422145329,0.31382978723404253,0.30398671096345514,0.5415929203539823
rs900414,15,15:101314378-101314378,G,0.4308510638297872,0.3584905660377358,0.25882352941176473,0.21329365079365079,0.24567474048442905,0.2978723404255319,0.30564784053156147,0.8929203539823009
rs10519227,15,15:49454167-49454167,A,0.14893617021276595,0.23742138364779874,0.12941176470588237,0.08432539682539683,0.2560553633217993,0.29521276595744683,0.37375415282392027,0.10707964601769912
rs11247226,15,15:100580758-100580758,T,0.6914893617021277,0.6037735849056604,0.9117647058823529,0.753968253968254,0.5207612456747405,0.6436170212765957,0.5996677740863787,0.8168141592920354
rs1559777,15,15:57788419-57788419,A,0.19680851063829788,0.20911949685534592,0.19411764705882353,0.22023809523809523,0.18858131487889274,0.2074468085106383,0.20764119601328904,0.46814159292035395
rs12593359,15,15:40731680-40731680,T,0.39893617021276595,0.5141509433962265,0.2411764705882353,0.2222222222222222,0.4826989619377163,0.35106382978723405,0.36046511627906974,0.647787610619469
rs4775892,15,15:50600917-50600917,G,0.75,0.7704402515723271,0.6941176470588235,0.998015873015873,0.8148788927335641,0.773936170212766,0.8106312292358804,0.9778761061946902
rs7164335,15,15:68422693-68422693,G,0.6595744680851063,0.6839622641509434,0.6941176470588235,0.6636904761904762,0.6660899653979239,0.48936170212765956,0.5365448504983389,0.9398230088495575
rs3867498,15,15:24833640-24833640,G,0.8617021276595744,0.8490566037735849,0.9764705882352941,0.9811507936507936,0.8044982698961938,0.8909574468085106,0.9053156146179402,0.9265486725663716
rs4646,15,15:51210647-51210647,C,0.5851063829787234,0.699685534591195,0.32941176470588235,0.7033730158730159,0.698961937716263,0.5877659574468085,0.6162790697674418,0.7132743362831858
rs12935229,16,16:77294998-77294998,C,0.8670212765957447,0.8537735849056604,0.7352941176470589,0.8065476190476191,0.8858131487889274,0.8670212765957447,0.8920265780730897,0.9973451327433628
rs1805008,16,16:89919736-89919736,C,0.9946808510638298,0.9795597484276729,1.0,1.0,0.9134948096885813,0.9973404255319149,0.9950166112956811,0.9964601769911504
rs9934438,16,16:31093557-31093557,G,0.5797872340425532,0.5911949685534591,0.611764705882353,0.11507936507936507,0.6349480968858131,0.8696808510638298,0.845514950166113,0.9469026548672567
rs11647936,16,16:84651903-84651903,A,0.6861702127659575,0.6588050314465409,0.7941176470588235,0.8382936507936508,0.6782006920415224,0.8085106382978723,0.7691029900332226,0.9415929203539823
rs12446632,16,16:19924067-19924067,G,0.8776595744680851,0.89937106918239,0.9588235294117647,1.0,0.8667820069204152,0.949468085106383,0.9584717607973422,0.9150442477876106
rs6540223,16,16:88287830-88287830,T,0.7872340425531915,0.6981132075471698,0.8823529411764706,0.9523809523809523,0.6695501730103807,0.6888297872340425,0.6162790697674418,0.8336283185840708
rs698718,16,16:68526282-68526282,A,0.2925531914893617,0.2468553459119497,0.21176470588235294,0.1865079365079365,0.17128027681660898,0.2632978723404255,0.23089700996677742,0.24867256637168142
rs1805016,16,16:27363606-27363606,T,0.9414893617021277,0.9371069182389937,0.9882352941176471,1.0,0.9498269896193772,0.9547872340425532,0.9617940199335548,0.620353982300885
rs3087456,16,16:10877045-10877045,G,0.44680851063829785,0.2893081761006289,0.8470588235294118,0.8829365079365079,0.23529411764705882,0.43351063829787234,0.4119601328903654,0.9141592920353983
rs1478693,16,16:7114218-7114218,T,0.6329787234042553,0.6540880503144654,0.6352941176470588,0.5257936507936508,0.7214532871972318,0.7154255319148937,0.7375415282392026,0.431858407079646
rs16949,17,17:27797673-27797673,T,0.8351063829787234,0.7264150943396226,0.9117647058823529,0.8273809523809523,0.7508650519031141,0.8377659574468085,0.8006644518272426,0.804424778761062
rs471692,17,17:40400518-40400518,T,0.2553191489361702,0.1871069182389937,0.4470588235294118,0.21329365079365079,0.15570934256055363,0.31382978723404253,0.34551495016611294,0.01592920353982301
rs6504218,17,17:64330939-64330939,G,0.6648936170212766,0.6053459119496856,0.7058823529411765,0.685515873015873,0.5605536332179931,0.6037234042553191,0.5980066445182725,0.5530973451327433
rs4267385,17,17:63506395-63506395,T,0.4734042553191489,0.5990566037735849,0.2647058823529412,0.25297619047619047,0.5536332179930796,0.3404255319148936,0.38205980066445183,0.8123893805309734
rs1981997,17,17:45979401-45979401,G,0.8191489361702128,0.7232704402515723,0.9294117647058824,0.9990079365079365,0.8148788927335641,0.9654255319148937,0.9219269102990033,0.9858407079646018
rs12453407,17,17:37232521-37232521,G,0.7074468085106383,0.5062893081761006,0.9058823529411765,0.9880952380952381,0.5173010380622838,0.7127659574468085,0.7475083056478405,0.9814159292035398
rs2537710,17,17:49489224-49489224,A,0.5851063829787234,0.6745283018867925,0.5176470588235295,0.8581349206349206,0.6211072664359861,0.6808510638297872,0.6727574750830565,0.9849557522123894
rs6504649,17,17:50360095-50360095,C,0.6702127659574468,0.6163522012578616,0.8470588235294118,0.9037698412698413,0.5951557093425606,0.7340425531914894,0.6644518272425249,0.8008849557522124
rs11658342,17,17:1769810-1769810,G,0.6968085106382979,0.6729559748427673,0.9,0.7619047619047619,0.5743944636678201,0.7978723404255319,0.7807308970099668,0.9185840707964602
rs393152,17,17:45641777-45641777,G,0.2553191489361702,0.29559748427672955,0.1,0,0.185121107266436,0.034574468085106384,0.08139534883720931,0.6035398230088496
rs75404003,18,18:62361277-62361277,C,0.8138297872340425,0.8679245283018868,0.8058823529411765,0.7053571428571429,0.8719723183391004,0.8457446808510638,0.8787375415282392,0.9805309734513274
rs4130047,18,18:43098270-43098270,C,0.3351063829787234,0.3411949685534591,0.3764705882352941,0.35615079365079366,0.3391003460207612,0.28191489361702127,0.3023255813953488,0.3017699115044248
rs1557305,18,18:4721359-4721359,C,0.6117021276595744,0.6588050314465409,0.4470588235294118,0.49702380952380953,0.5899653979238755,0.550531914893617,0.4833887043189369,0.8194690265486726
rs12604675,18,18:74563215-74563215,A,0.20212765957446807,0.28144654088050314,0.07647058823529412,0.06547619047619048,0.22664359861591696,0.2765957446808511,0.30066445182724255,0.7247787610619469
rs694419,18,18:62458879-62458879,T,0.44148936170212766,0.47955974842767296,0.23529411764705882,0.057539682539682536,0.5207612456747405,0.1595744680851064,0.15946843853820597,0.48584070796460177
rs1462129,18,18:63313638-63313638,C,0.6063829787234043,0.5676100628930818,0.5588235294117647,0.4176587301587302,0.5605536332179931,0.39095744680851063,0.40863787375415284,0.17345132743362832
rs4800452,18,18:23147647-23147647,C,0.35638297872340424,0.22641509433962265,0.5647058823529412,0.16567460317460317,0.2370242214532872,0.19414893617021275,0.2009966777408638,0.336283185840708
rs17759659,18,18:63291411-63291411,A,0.6968085106382979,0.5424528301886793,0.6882352941176471,0.8819444444444444,0.5224913494809689,0.6835106382978723,0.6262458471760798,0.9796460176991151
rs833497,18,18:49081890-49081890,T,0.6702127659574468,0.8333333333333334,0.43529411764705883,0.685515873015873,0.8235294117647058,0.7925531914893617,0.8205980066445183,0.9548672566371681
rs1148374,18,18:28070318-28070318,T,0.7287234042553191,0.5943396226415094,0.8823529411764706,0.8363095238095238,0.6038062283737025,0.7340425531914894,0.7093023255813954,0.947787610619469
rs2233152,19,19:40775111-40775111,G,0.8351063829787234,0.8694968553459119,0.9,0.9265873015873016,0.8719723183391004,0.8271276595744681,0.8073089700996677,0.9460176991150443
rs8102150,19,19:49727070-49727070,C,0.9148936170212766,0.9559748427672956,0.7294117647058823,0.8501984126984127,0.9826989619377162,0.9308510638297872,0.9568106312292359,0.7566371681415929
rs1382358,19,19:13060610-13060610,T,0.925531914893617,0.89937106918239,0.9294117647058824,0.9821428571428571,0.8996539792387543,0.8829787234042553,0.8770764119601329,0.995575221238938
rs7258249,19,19:8206837-8206837,G,0.7127659574468085,0.5455974842767296,0.9058823529411765,0.9484126984126984,0.5121107266435986,0.7021276595744681,0.6362126245847176,0.8398230088495575
rs10413089,19,19:44952331-44952331,T,0.7925531914893617,0.85062893081761,0.7352941176470589,0.9166666666666666,0.8321799307958477,0.6462765957446809,0.6744186046511628,0.727433628318584
rs720308,19,19:35307157-35307157,A,0.851063829787234,0.8411949685534591,0.6470588235294118,0.8353174603174603,0.8667820069204152,0.8218085106382979,0.7873754152823921,0.9088495575221239
rs2657940,19,19:52360583-52360583,G,0.7819148936170213,0.809748427672956,0.8705882352941177,0.6597222222222222,0.7820069204152249,0.848404255319149,0.867109634551495,0.9203539823008849
rs238417,19,19:45353210-45353210,C,0.48404255319148937,0.5833333333333334,0.49411764705882355,0.49404761904761907,0.6055363321799307,0.523936170212766,0.5282392026578073,0.8991150442477877
rs8108622,19,19:7182742-7182742,A,0.22340425531914893,0.26257861635220126,0.27647058823529413,0.1378968253968254,0.26124567474048443,0.2553191489361702,0.2009966777408638,0.2513274336283186
rs11569562,19,19:6678742-6678742,A,0.5,0.5015723270440252,0.43529411764705883,0.4513888888888889,0.48788927335640137,0.3882978723404255,0.38372093023255816,0.5415929203539823
rs2902940,20,20:40462847-40462847,G,0.28191489361702127,0.2610062893081761,0.2823529411764706,0.2638888888888889,0.2508650519031142,0.35904255319148937,0.3388704318936877,0.547787610619469
rs2866943,20,20:42079239-42079239,C,0.7340425531914894,0.7578616352201258,0.9470588235294117,0.9265873015873016,0.7750865051903114,0.8803191489361702,0.8338870431893688,0.8831858407079646
rs6074028,20,20:46126219-46126219,A,0.8882978723404256,0.8663522012578616,0.9529411764705882,0.6964285714285714,0.8304498269896193,0.726063829787234,0.7358803986710963,0.9734513274336283
rs16982520,20,20:59183665-59183665,G,0.09574468085106383,0.10377358490566038,0.01764705882352941,0,0.13494809688581316,0.05053191489361702,0.04817275747508306,0.17610619469026548
rs34972666,20,20:2404326-2404326,A,0.851063829787234,0.8805031446540881,0.9294117647058824,0.8125,0.903114186851211,0.8696808510638298,0.8604651162790697,0.6415929203539823
rs16985615,20,20:23661790-23661790,T,0.8936170212765957,0.8443396226415094,0.9588235294117647,1.0,0.8806228373702422,0.9813829787234043,0.9634551495016611,0.6761061946902654
rs6046396,20,20:19871859-19871859,G,0.30851063829787234,0.3223270440251572,0.40588235294117647,0.32341269841269843,0.31833910034602075,0.3537234042553192,0.3787375415282392,0.3752212389380531
rs383112,20,20:45828710-45828710,T,0.526595744680851,0.5157232704402516,0.32941176470588235,0.6011904761904762,0.4463667820069204,0.6702127659574468,0.654485049833887,0.8920353982300885
rs452159,20,20:44642461-44642461,G,0.7659574468085106,0.7751572327044025,0.7235294117647059,0.5753968253968254,0.7179930795847751,0.7553191489361702,0.7890365448504983,0.636283185840708
rs1970546,20,20:61278882-61278882,G,0.8138297872340425,0.7547169811320755,0.8705882352941177,0.6696428571428571,0.7318339100346021,0.7632978723404256,0.7591362126245847,0.6991150442477876
rs7435,21,21:43984457-43984457,G,0.34574468085106386,0.36477987421383645,0.36470588235294116,0.2619047619047619,0.32006920415224915,0.4122340425531915,0.39867109634551495,0.43097345132743364
rs17000900,21,21:41426103-41426103,C,0.8829787234042553,0.8852201257861635,0.9235294117647059,0.8521825396825397,0.9152249134948097,0.7579787234042553,0.7906976744186046,0.7619469026548673
rs741864,21,21:39835868-39835868,A,0.09574468085106383,0.1289308176100629,0.07058823529411765,0.11210317460317461,0.10380622837370242,0.06914893617021277,0.09136212624584718,0.35575221238938054
rs17846179,21,21:34449523-34449523,C,0.6436170212765957,0.60062893081761,0.5941176470588235,0.7083333333333334,0.6314878892733564,0.6861702127659575,0.6495016611295681,0.7185840707964601
rs2070788,21,21:41470061-41470061,G,0.4308510638297872,0.4606918238993711,0.6411764705882353,0.35615079365079366,0.4619377162629758,0.44148936170212766,0.48172757475083056,0.26548672566371684
rs6517656,21,21:41211811-41211811,A,0.2553191489361702,0.22955974842767296,0.052941176470588235,0.04861111111111111,0.17647058823529413,0.13297872340425532,0.1744186046511628,0.852212389380531
rs915832,21,21:41855386-41855386,A,0.14893617021276595,0.25,0.08235294117647059,0.46924603174603174,0.2577854671280277,0.3617021276595745,0.35714285714285715,0.3805309734513274
rs2833610,21,21:32012873-32012873,G,0.48404255319148937,0.48427672955974843,0.4235294117647059,0.40476190476190477,0.671280276816609,0.4946808510638298,0.49335548172757476,0.6513274336283186
rs2150410,21,21:39197853-39197853,A,0.9468085106382979,0.9135220125786163,0.9411764705882353,0.6101190476190477,0.9221453287197232,0.7792553191489362,0.8355481727574751,0.9716814159292035
rs2236484,21,21:45511770-45511770,G,0.5212765957446809,0.5581761006289309,0.6058823529411764,0.42956349206349204,0.5778546712802768,0.4787234042553192,0.4850498338870432,0.3902654867256637
rs35228531,22,22:39087839-39087839,C,0.9627659574468085,0.9889937106918238,0.9882352941176471,1.0,0.9982698961937716,1.0,1.0,0.668141592920354
rs4821480,22,22:36299201-36299201,G,0.09042553191489362,0.09119496855345911,0.029411764705882353,0.000992063492063492,0.04152249134948097,0.018617021276595744,0.011627906976744186,0.7424778761061946
rs1421312,22,22:37091770-37091770,G,0.35106382978723405,0.4229559748427673,0.32941176470588235,0.4037698412698413,0.4186851211072664,0.4973404255319149,0.4983388704318937,0.6
rs5762430,22,22:27982484-27982484,A,0.8191489361702128,0.7830188679245284,0.9352941176470588,0.7113095238095238,0.8961937716262975,0.6196808510638298,0.659468438538206,0.684070796460177
rs2071421,22,22:50625988-50625988,T,0.7712765957446809,0.8223270440251572,0.6705882352941176,0.8402777777777778,0.8875432525951558,0.824468085106383,0.8588039867109635,0.6283185840707964
rs701421,22,22:20258558-20258558,A,0.46808510638297873,0.45125786163522014,0.3058823529411765,0.748015873015873,0.5501730103806228,0.6728723404255319,0.686046511627907,0.7964601769911505
rs8141691,22,22:19921903-19921903,G,0.5425531914893617,0.6572327044025157,0.49411764705882355,0.5099206349206349,0.671280276816609,0.5851063829787234,0.6777408637873754,0.6752212389380531
rs4821897,22,22:39439582-39439582,G,0.75,0.6981132075471698,0.9470588235294117,0.998015873015873,0.7387543252595156,0.9388297872340425,0.9036544850498339,0.7557522123893805
rs165849,22,22:19971146-19971146,G,0.4148936170212766,0.35062893081761004,0.6647058823529411,0.46924603174603174,0.3304498269896194,0.46808510638297873,0.4186046511627907,0.815929203539823
rs6000782,22,22:37532179-37532179,C,0.09574468085106383,0.08647798742138364,0.029411764705882353,0.03571428571428571,0.04152249134948097,0.026595744680851064,0.02823920265780731,0.3769911504424779
