SNP,coefficient,R-squared,Adj R-squared,p-value
rs578481,-0.03965575728773372,0.36653870872185423,0.2609618268421632,0.11171641172719446
rs12405750,-0.032524996879705795,0.06798932384563439,-0.08734578884675992,0.5328062774376248
rs4074961,0.0008602836684195314,6.594947335014645e-05,-0.16658972561442487,0.984773929246205
rs12750249,0.007142233051004171,0.004963406946858928,-0.16087602522866473,0.8683399775667386
rs379944,0.014213894046942467,0.11795680670820896,-0.02905039217375638,0.40488233428594345
rs17376328,0.007487888972739359,0.12040623462775346,-0.026192726267620925,0.3997215893514489
rs6695223,0.007055833726963827,0.019329211644579458,-0.14411591974799065,0.7426593067288931
rs61747728,0.009319349509083641,0.4843290425274147,0.39838388294865046,0.05522710027157539
rs5063,-0.009352510448926848,0.09528568579226115,-0.05550003324236208,0.45693332237434636
rs3738433,0.01889853246850401,0.20906834893539294,0.07724640709129171,0.25467347503212395
rs10490162,-0.07006570840727355,0.19457368867176228,0.06033597011705594,0.27394987282180727
rs6707272,-0.011717356265159504,0.037951802966363246,-0.12238956320590955,0.6438636989080077
rs3138060,-0.048179260621369735,0.4557700447830766,0.36506505224692265,0.066201648708503
rs1801318,0.006991670506360889,0.007580935064789407,-0.15782224242441245,0.8375696400170303
rs9287989,0.0009580841244547639,0.00012004974188639661,-0.1665266086344659,0.9794577916721571
rs7606224,-0.00867785000776175,0.23680307925682453,0.10960359246629525,0.22138939318063028
rs2241437,-0.0025241996850090542,0.0016885109328643733,-0.16469673724499168,0.9230401328890165
rs4148325,-0.03664308093969817,0.13899508771881397,-0.004505730994717183,0.3630358876436279
rs34732883,-0.003132057962385533,0.0022655465919220186,-0.16402352897609096,0.9108889053111464
rs13007495,0.027570997006480497,0.4175020045478943,0.32041900530587664,0.08345258232091746
rs237902,0.027750663737979665,0.1255223551430269,-0.020223918999801915,0.38919977599772165
rs9835385,0.08866732919908009,0.4717261643354248,0.38368052505799555,0.0598836384757892
rs9826379,-0.014644618725667545,0.012763163625155283,-0.15177630910398565,0.7899689103554826
rs7617456,0.042603101116746214,0.24224232540959556,0.11594937964452812,0.21536346592645153
rs2228468,0.02330997579302002,0.024283739776503777,-0.13833563692741224,0.7125100143367837
rs2880961,-0.024445205105678047,0.026728395086379697,-0.1354835390658904,0.6988780275966152
rs712012,0.029365870456187437,0.10987571020694231,-0.03847833809190071,0.4225099271037281
rs10513854,-0.038212955575389534,0.43283399922615395,0.3383063324305129,0.07616724396134075
rs2202157,-0.02989362531995854,0.1089513035677061,-0.03955681250434284,0.4245879598972687
rs17022006,-0.01989410769643883,0.022247049728030377,-0.14071177531729795,0.7244555327894419
rs4522865,0.015774919481259114,0.025771967376435723,-0.13659937139415845,0.7041257566316491
rs17031671,-0.009969785031422734,0.18556313608342978,0.0498236587640013,0.2866620073167697
rs1391166,0.014304636213076899,0.011046012173256958,-0.15377965246453362,0.8043838417139834
rs1878528,-0.0515407801467424,0.1854664038898517,0.049710804538160236,0.28680168258027183
rs6858749,0.006421448190476214,0.0017784456579152952,-0.1645918133990989,0.9210219096351305
rs3762883,0.0005978901371252927,0.00671110174093803,-0.15883704796890563,0.8470833798655043
rs7679218,-0.015799531210210577,0.018084086351801032,-0.1455685659228989,0.7508788429344614
rs5743815,-0.018981653453517613,0.11864271034417062,-0.028250171265134405,0.40342893476326674
rs1435218,0.003409980578696639,0.016616160965548188,-0.1472811455401939,0.7609695929903164
rs2006970,0.09298446527900037,0.49007973991436193,0.4050930299000889,0.05319597821580148
rs10475878,0.08739072736982369,0.5856938792997636,0.5166428591830574,0.026896352068761793
rs17855902,0.2358376799031699,0.5076113977025687,0.4255466306529968,0.04734996359997161
rs1402915,-0.025350991816154383,0.07008577209729383,-0.0848999325531572,0.5263230351922363
rs13153333,0.011418413974618735,0.7719263342051406,0.733914056572664,0.004076240489729501
rs3846663,0.00015123653815539428,2.4938669289653603e-06,-0.16666375715524961,0.9970390083133105
rs1881457,-0.03364624332184461,0.6313028923640744,0.5698533744247535,0.018477705830065732
rs1157122,-0.03643260009497798,0.19599202670151483,0.061990697818433915,0.27200134432919326
rs13166268,0.01947734661905068,0.0874598210412032,-0.06463020878526304,0.47697784821922473
rs253072,-0.006687475982692606,0.0033878266330445994,-0.16271420226144806,0.8911117859927056
rs6864869,0.029587751356476427,0.38244939563139124,0.2795242949032898,0.10217774529546492
rs7759855,-0.012867982040140086,0.27366381768941406,0.15260778730431634,0.18339337860469257
rs769177,-0.0005725530108469379,0.0004083323387527038,-0.166190278938122,0.9621217475481156
rs9468811,-0.006523122942772158,0.03745259621118724,-0.12297197108694835,0.6460956774229684
rs2395309,-0.0851727127764908,0.3350736174875263,0.22425255373544728,0.13272355932357743
rs6910140,-0.0332569621103352,0.5311605784346507,0.45302067484042574,0.040270668770902275
rs3127162,0.013228808808804584,0.03205471213609856,-0.12926950250788516,0.6714079817036536
rs2269475,-0.010495929950489188,0.036662844863427635,-0.12389334765933446,0.649662073991742
rs1051931,0.0023659737781272037,0.0019902933521526167,-0.16434465775582208,0.9164621043159018
rs7776010,0.0415822025540277,0.39283283400751534,0.2916383063421012,0.0963143904390027
rs3819301,0.002655796441890762,0.004135293112791372,-0.16184215803507684,0.8797577851934186
rs2462686,0.05521291501076259,0.3484738184646792,0.23988612154212563,0.12341187060647141
rs2069837,-0.004907985046605681,0.017038685278454535,-0.14678820050846975,0.7580178221348441
rs9648428,0.006727383776622853,0.018846388522125168,-0.1446792133908541,0.7458117756475424
rs2286149,-0.035210405096673156,0.07039935383757667,-0.08453408718949396,0.5253641612457673
rs12699683,0.007992593388166467,0.022118125898069718,-0.14086218645225212,0.7252314482228165
rs10246256,-0.024786190386819396,0.153217391756431,0.0120869570491694,0.3375903286874817
rs17236239,0.07604455289535106,0.7916530795077612,0.7569285927590548,0.0030794152580536946
rs12539800,-0.024524545155723314,0.6221672359424173,0.5591951085994868,0.019985148835331912
rs1568820,-0.0367849186898271,0.07075632409085464,-0.08411762189400296,0.524275994135057
rs3736638,-0.054849628877965406,0.26208108181200485,0.13909459544733893,0.1946407517024922
rs7822058,0.011479257729441472,0.242939476840632,0.11676272298073731,0.21460222448959865
rs12543318,0.00839176920959693,0.007017601232619741,-0.15847946522861034,0.8436624357010276
rs6983130,-0.02707417492285452,0.22813014630659323,0.09948517069102536,0.23132490618378604
rs17482753,0.018971237066334412,0.3767134206624204,0.2728323241061571,0.10553749491828537
rs1441756,0.027965808809535253,0.4143681256003996,0.3167628132004662,0.08500663690484991
rs1504749,0.0836672198224504,0.5429566204692858,0.4667827238808334,0.037036228828564596
rs13269021,0.00621606049995517,0.012338857867234432,-0.15227133248822655,0.7934311429059862
rs516946,0.03547080838215118,0.42437176636487195,0.3284337274256839,0.08012390280005482
rs7843479,0.04945636370223612,0.20577362723121606,0.0734025651030853,0.2589339227356668
rs63020761,-0.0012844560013764716,0.021027146786265494,-0.1421349954160236,0.7318984425542203
rs111846096,-0.015524696263717691,0.20092278456253176,0.067743248656287,0.26533450807301323
rs6475526,0.02357534585918527,0.0596849481148527,-0.09703422719933852,0.5598283761686339
rs1325154,0.010941483261025564,0.02588809874011444,-0.13646388480319982,0.703482879335837
rs3205166,0.018099105306399688,0.07085496112318523,-0.08400254535628404,0.5239759462988893
rs2070997,-0.010513155021952103,0.057068681327188675,-0.1000865384516132,0.5688299706731994
rs10760502,0.06005628618036496,0.24261007010243407,0.1163784151195063,0.21496160306029038
rs649057,0.04803866871685776,0.3235579655234406,0.21081762644401403,0.14118683889806719
rs1360517,0.012594071566573453,0.02820805318209929,-0.133757271287551,0.6909609043995406
rs1324192,-0.04608046647108055,0.11055549682738275,-0.037685253701386756,0.42099010545478416
rs12348435,-0.006816002175067698,0.023128761178986545,-0.139683111957849,0.7192136307440953
rs3125734,0.0017712973456253528,0.00012091047029638702,-0.16652560445132103,0.9793842936279736
rs36035572,0.024089031160291013,0.06090989106963107,-0.09560512708543056,0.5556986121402698
rs10761600,0.05197355829712273,0.4550099972643271,0.36417833014171497,0.0665148269989956
rs11592462,0.08339392893197295,0.4345343901903713,0.3402901218887665,0.07539090462245207
rs10857748,-0.003935003188883688,0.0043832087028290445,-0.16155292318003278,0.8762263797280143
rs10882807,0.04478435868595679,0.15398425022908357,0.012981625267264096,0.3362761914347301
rs12770171,0.04294952786290474,0.3583577368069578,0.2514173596081174,0.11689495331568453
rs1800861,0.0003234386713711068,7.91314415116151e-06,-0.16665743466515703,0.9947255944519114
rs2299941,-0.004086031078011421,0.003129016256349204,-0.16301614770092598,0.8953355622540895
rs17135159,0.009472134593915327,0.049794891464415514,-0.10857262662484857,0.595280112238727
rs664982,-0.04586958360784862,0.20178751958412366,0.06875210618147753,0.26418216763847835
rs2511989,0.013759056768607406,0.03208805417172733,-0.1292306034663182,0.6712444540450798
rs2167457,0.03527187123258734,0.2389460489119256,0.11210372373057986,0.21899680191853935
rs5030141,-0.06573883014606295,0.205078472496259,0.07259155124563543,0.2598417305980899
rs2292573,0.06352840068464276,0.5554667386752415,0.48137786178778175,0.033819859523741065
rs10894294,0.027023223829798534,0.10867767415973162,-0.03987604681364654,0.425205587981283
rs7101429,-0.02869594342489705,0.06327809627833514,-0.09284222100860906,0.5478605643670695
rs10792665,-0.0008272079319587046,5.769527708743283e-05,-0.16659935551006466,0.9857585339382214
rs10896794,-0.005765311349423707,0.014299484149201236,-0.14998393515926534,0.7779149094846904
rs2228325,0.009808369645377069,0.00401110696532847,-0.16198704187378343,0.881567225059436
rs10859871,0.01862213820659135,0.044585921187426436,-0.1146497586146693,0.6156973519179418
rs2284685,0.05411785474881378,0.6200853703796243,0.556766265442895,0.020340636733142778
rs2134142,1.612813427143145e-05,4.473338788280046e-08,-0.16666661447771425,0.9996034324684893
rs11105306,0.03961199591429454,0.21427309491476343,0.08331861073389057,0.2480821702931704
rs1136666,0.0018433303935329604,0.0027036620960225743,-0.16351239422130703,0.9026816767325725
rs14035,-0.012099773767015834,0.02745813215388715,-0.13463217915379833,0.6949437949227648
rs324011,-0.015085466480295993,0.024999293090518737,-0.1375008247277283,0.7084444547973486
rs2681492,0.007981002709654753,0.007606624204990808,-0.1577922717608442,0.8372974507699278
rs3736309,0.02281138454187201,0.07056281030431832,-0.08434338797829533,0.5248654448376568
rs939876,0.02332197302589488,0.462238166022802,0.3726111936932689,0.06358200005428434
rs7335631,0.022020784580844457,0.046318833027228834,-0.1126280281348997,0.6087537150503775
rs3918341,0.018983066450628416,0.01936524338846113,-0.144073882713462,0.7424257578647767
rs72474224,-0.003005505943041137,0.019526113668347445,-0.14388620072026148,0.7413858859760298
rs726455,0.029782316459809943,0.10576034895932385,-0.043279592880788975,0.43186328059623175
rs1192201,0.010036357753195274,0.030800061587414218,-0.13073326148135012,0.677632816894636
rs7988257,0.09402345697544019,0.36125691903847923,0.2547997388782257,0.1150378497233577
rs12871532,-0.028532361377990718,0.06996143178315084,-0.08504499625299067,0.5267040175970287
rs4769591,0.039767363984205786,0.5070830629793505,0.4249302401425755,0.04751873923004358
rs9523562,0.06020248616137144,0.4691064902644573,0.3806242386418668,0.060887904620484774
rs9542236,0.07967085705546911,0.44615957663261185,0.3538528394047138,0.0702462489843498
rs945270,0.11517078891401042,0.6419703611964505,0.5822987547291922,0.016822614555333272
rs10129516,0.023539248602990243,0.14081819234449433,-0.002378775598089966,0.3596555633816294
rs696,-0.03229768207983287,0.07559265134869952,-0.07847524009318385,0.5098755511737765
rs11622475,0.049105027715809615,0.2059170562938386,0.0735698990094783,0.2587470060367656
rs2277460,0.017223988116435454,0.2708692015859958,0.14934740185032835,0.18605253839520092
rs2075173,-0.005432962169665434,0.01903757217831148,-0.14445616579197007,0.7445583453505027
rs3136817,0.03748222486771853,0.3430331624427041,0.23353868951648804,0.12712493675971956
rs10131141,0.0016243391387043282,0.0005878248285667853,-0.1659808710333388,0.9545582509545798
rs11622412,-0.041212432047968,0.21448281342234377,0.08356328232606769,0.24782008338785552
rs11159647,0.058898056515192254,0.18230343639733948,0.04602067579689595,0.29140745764548853
rs8035452,0.036581108194975454,0.11617556506781856,-0.03112850742087847,0.4086871977815226
rs900414,0.052352508539140995,0.08090612718113499,-0.0722761849553426,0.49474292320431934
rs10519227,-0.03499348913869122,0.1671185667098174,0.02830499449478685,0.31461382042381975
rs11247226,0.07885520055917658,0.5375114869607358,0.4604300681208584,0.038504388221537324
rs1559777,0.04002280451565765,0.2582890096197853,0.13467051122308282,0.19845544350536196
rs12593359,-0.01711235617055963,0.02061996033298341,-0.14261004627818608,0.7344348240827893
rs4775892,0.030055121315137795,0.11023883765370635,-0.038054689404009245,0.4216971989682091
rs7164335,0.0410814566719434,0.135999189101063,-0.008000946048759783,0.368670736451243
rs3867498,0.03695379720253457,0.5167127550377429,0.4361648808773667,0.044512346897606046
rs4646,-0.03752097419532145,0.12256600929900352,-0.02367298915116267,0.3952380629781544
rs12935229,-0.0034368832275800537,0.003026848272642546,-0.16313534368191718,0.8970514705257137
rs1805008,0.007774386852329895,0.09959354123264152,-0.050474201895251536,0.4463930422809089
rs9934438,0.03336763217760312,0.02364656670984555,-0.13907900550518026,0.7161860478803824
rs11647936,0.06858532883088508,0.735391662149548,0.691290272507806,0.006476451373408779
rs12446632,0.02073628590176642,0.2906847282178011,0.17246551625410123,0.16791038566064445
rs6540223,0.05236417629088569,0.2868715008081084,0.1680167509427931,0.17127548614869928
rs698718,-0.009464263668842746,0.07919866248175389,-0.07426822710462044,0.49953109544116125
rs1805016,-0.038342739303907226,0.13943196629038024,-0.003996039327889722,0.3622225284697789
rs3087456,0.18722485910873024,0.6473219583247836,0.5885422847122475,0.01603351884440136
rs1478693,-0.043875918985196806,0.24700813189703297,0.12150948721320509,0.21020888870388668
rs16949,0.02888107140363058,0.368504517266221,0.26325527014392447,0.11050032717622091
rs471692,0.0043792512491619955,0.001591625864273749,-0.16480976982501394,0.9252758611527772
rs6504218,0.0048449753421900416,0.010377193520209382,-0.1545599408930891,0.810313814875263
rs4267385,-0.01641940424464519,0.010621030984097724,-0.15427546385188595,0.8081293989909439
rs1981997,0.06730634770681806,0.6701165350550429,0.6151359575642167,0.012964938348090703
rs12453407,0.1228369174102927,0.6017922282132822,0.5354242662488291,0.023662943218855752
rs2537710,0.048701281072843786,0.14764942767012057,0.005590998948473924,0.3473048036172843
rs6504649,0.07311706470375967,0.6081928277699482,0.5428916323982729,0.022459169727652144
rs11658342,0.07755552487993465,0.6497753969031307,0.591404629720319,0.01568073519020763
rs393152,0.011296379068465541,0.004789188576816095,-0.16107927999371463,0.8706562615734587
rs75404003,0.005718449820529631,0.007649294778263038,-0.15774248942535984,0.8368463796334471
rs4130047,0.00012286022371573932,2.1724721509408518e-05,-0.16664132115823915,0.9912607916972831
rs1557305,-0.0018868152454738635,0.00035822730997392416,-0.16624873480503055,0.9645205483246423
rs12604675,0.0383894665620346,0.050178039065354785,-0.10812562109041957,0.5938300999799723
rs694419,-0.05314291935712881,0.1199008809161316,-0.026782305597846445,0.4007796547758193
rs1462129,-0.07428649421590913,0.38272085403167233,0.27984099637028437,0.10202090244594993
rs4800452,0.04381878127712659,0.1583661513110024,0.018093843196169357,0.32887418747695746
rs17759659,0.08512888995273118,0.4178363628389473,0.3208090899787718,0.08328810472862022
rs833497,-0.02531062644618237,0.03754070593169556,-0.12286917641302186,0.6457004897030212
rs1148374,0.08892380488716245,0.7067477154549395,0.6578723346974295,0.008939978568005076
rs2233152,0.02493385275471155,0.3700356683487438,0.26504161307353435,0.10956059323283943
rs8102150,-0.065645934873102,0.6667752931907558,0.6112378420558817,0.013386111481970107
rs1382358,0.019432159747733352,0.2772639367660208,0.15680792622702422,0.18001754166246167
rs7258249,0.09821213834802191,0.5303347677334886,0.4520572290224034,0.040504671459386285
rs10413089,-0.024250920102982347,0.09831778951461634,-0.05196257889961431,0.44947987017605195
rs720308,-0.02030413515572596,0.09652975018366794,-0.05404862478572081,0.4538549873836434
rs2657940,0.022842330574486452,0.11779889298694157,-0.029234624848568203,0.40521786519269076
rs238417,0.04308893343840067,0.140447292130366,-0.002811492514573022,0.360340330481051
rs8108622,0.002820953621421785,0.005467791957023516,-0.1602875760501392,0.8618585885751733
rs11569562,-0.0052989654744298245,0.012537634443460677,-0.15203942648262925,0.7918015128822387
rs2902940,0.04474270324479017,0.2945674139647847,0.17699531629224874,0.16454332280435596
rs2866943,0.060647716481053826,0.8240718804505216,0.7947505271922752,0.0018273721297373234
rs6074028,0.018569473323643948,0.04431962760757524,-0.114960434457829,0.6167785055178431
rs16982520,-0.007494198809803343,0.022272212057356633,-0.14068241926641734,0.7243043820586774
rs34972666,-0.028154266010541065,0.14395864375166767,0.0012850843769455222,0.3539168133616596
rs16985615,-0.00858878837983608,0.009487468029483748,-0.15559795396560228,0.8185200396851398
rs6046396,0.021542859473117904,0.5291150316644678,0.4506342036085458,0.04085214076815331
rs383112,0.035396792687586054,0.06291866728055573,-0.09326155483935161,0.5490380721341417
rs452159,-0.0360109947912387,0.3321180739027082,0.22080441955315955,0.13485403665940843
rs1970546,-0.002727992982427055,0.0026777413389278415,-0.16354263510458433,0.9031476351757883
rs7435,0.010543141990330684,0.0537490084366552,-0.1039594901572356,0.5806283286799357
rs17000900,-0.017196446456957698,0.09353008666144991,-0.057548232228308516,0.46132634959587726
rs741864,0.029553930191047614,0.14121639564545918,-0.001914205080297604,0.35892204846884207
rs17846179,0.015944064648980058,0.16694551409812475,0.028103099781145446,0.3148892471995133
rs2070788,-0.005033210504625119,0.003141266273532728,-0.1630018560142119,0.895131739718812
rs6517656,0.0545762323545369,0.06384125268974061,-0.09218520519530271,0.5460241488110904
rs915832,0.020393153418990916,0.035972878777254635,-0.12469830809320293,0.6528142605521756
rs2833610,0.002720984260345616,0.0011168512205494974,-0.16536367357602555,0.9373854072735726
rs2150410,-0.010536852240381936,0.010812718913813524,-0.15405182793388428,0.8064304605901174
rs2236484,-0.020226608948441117,0.10622228337638362,-0.042740669394219166,0.4308001165569626
rs35228531,-0.04422091197478313,0.21159996697725947,0.0801999614734693,0.2514464302330793
rs4821480,0.08686330537368031,0.1718008154457329,0.033767618020021595,0.30725799976275175
rs1421312,0.022513107774511994,0.09301883953546364,-0.058144687208625756,0.46261659702618063
rs5762430,-0.008654025262683197,0.008217445378790544,-0.15707964705807775,0.8309598584849603
rs2071421,-0.04828459188183642,0.3903454700531548,0.28873638172868055,0.09769379379065593
rs701421,0.036683368858763,0.06731815412359721,-0.08812882018913659,0.5349091541466247
rs8141691,-0.017266757619481328,0.06952270110507508,-0.08555684871074587,0.5280518295130219
rs4821897,0.052926516752771734,0.29235029233468723,0.17440867439046837,0.16645874314161738
rs165849,0.11668071370691163,0.7044519716518651,0.655193966927176,0.009162051074674514
rs6000782,0.03325445385077933,0.11146454157185837,-0.0366247014994987,0.4189686208808284
rs3184504,-0.12232432690504902,0.5850428327266556,0.5158833048477648,0.02703350142373084
rs2327832,-0.02709101142270337,0.3763850204743794,0.2724491905534425,0.10573250999063968
rs13151961,0.034935555320802086,0.5061377806923454,0.4238274108077362,0.04782183228799358
rs17810546,-0.025018527175593677,0.4496535520714813,0.3579291440833948,0.06875439389782623
rs1464510,0.0036450634999779553,0.00107660893667183,-0.1654106229072163,0.9385221684101153
rs842647,-0.11093647114099116,0.3440139972507318,0.23468299679252036,0.12644881100648162
rs2816316,0.04824154377457628,0.2515235089602147,0.12677742712025042,0.20543011993158633
