SNP,Target Allele,Chromsome,Risk,European,Mediterranean,Native American,Northeast Asian,Northern European,Southeast Asian,Southwest Asian,Sub-Saharan African
rs10462021,A,1,None,0.792553191,0.83490566,0.658823529,0.992063492,0.797577855,0.845744681,0.833887043,0.923893805
rs10789322,G,1,None,0.627659574,0.63836478,0.458823529,0.448412698,0.607266436,0.736702128,0.686046512,0.956637168
rs1149048,G,1,None,0.585106383,0.51572327,0.829411765,0.603174603,0.479238754,0.382978723,0.363787375,0.892035398
rs11688,C,1,None,0.95212766,0.940251572,0.976470588,0.976190476,0.958477509,0.989361702,0.980066445,0.753097345
rs11810249,C,1,None,0.984042553,0.981132075,0.982352941,1,0.998269896,1,1,0.80619469
rs12047808,A,1,None,0.930851064,0.899371069,0.964705882,0.836309524,0.861591696,0.970744681,0.970099668,0.684955752
rs12067906,T,1,None,0.957446809,0.966981132,0.970588235,1,1,1,1,0.555752212
rs12068264,C,1,None,0.553191489,0.605345912,0.517647059,0.646825397,0.655709343,0.438829787,0.455149502,0.751327434
rs12124649,A,1,None,0.914893617,0.871069182,0.964705882,0.999007937,0.878892734,0.930851064,0.882059801,0.995575221
rs1324214,G,1,None,0.691489362,0.797169811,0.552941176,0.742063492,0.797577855,0.835106383,0.848837209,0.867256637
rs1411478,G,1,None,0.64893617,0.558176101,0.676470588,0.630952381,0.574394464,0.438829787,0.372093023,0.459292035
rs17036023,A,1,None,0.978723404,0.992138365,0.994117647,1,1,0.997340426,1,0.810619469
rs17856511,C,1,None,0.95212766,0.911949686,0.982352941,0.949404762,0.922145329,0.954787234,0.965116279,0.738938053
rs1891498,G,1,None,0.829787234,0.811320755,0.905882353,0.91765873,0.764705882,0.957446809,0.976744186,0.942477876
rs198388,T,1,None,0.260638298,0.433962264,0.123529412,0.203373016,0.420415225,0.521276596,0.53654485,0.647787611
rs2131925,G,1,None,0.313829787,0.317610063,0.552941176,0.232142857,0.309688581,0.484042553,0.46013289,0.692035398
rs2136093,T,1,None,0.367021277,0.257861635,0.423529412,0.787698413,0.333910035,0.478723404,0.448504983,0.598230088
rs2269650,G,1,None,0.478723404,0.627358491,0.252941176,0.483134921,0.647058824,0.582446809,0.57807309,0.660176991
rs2275247,C,1,None,0.303191489,0.117924528,0.529411765,0.765873016,0.057093426,0.279255319,0.217607973,0.710619469
rs2284664,T,1,None,0.308510638,0.245283019,0.541176471,0.376984127,0.249134948,0.234042553,0.177740864,0.057522124
rs2473307,T,1,None,0.553191489,0.48427673,0.729411765,0.641865079,0.496539792,0.393617021,0.398671096,0.286725664
rs268786,A,1,None,0.994680851,0.98427673,0.994117647,0.927579365,0.993079585,0.904255319,0.887043189,0.823893805
rs2812385,G,1,None,0.436170213,0.330188679,0.535294118,0.405753968,0.399653979,0.396276596,0.312292359,0.544247788
rs2820037,T,1,None,0.14893617,0.191823899,0.152941176,0.064484127,0.155709343,0.125,0.166112957,0.408849558
rs284875,G,1,None,0.968085106,0.941823899,0.988235294,0.744047619,0.948096886,0.941489362,0.96013289,0.897345133
rs301799,T,1,None,0.563829787,0.496855346,0.770588235,0.826388889,0.577854671,0.484042553,0.450166113,0.669026549
rs34967813,A,1,None,0.787234043,0.724842767,0.847058824,1,0.693771626,0.968085106,0.940199336,0.991150442
rs6672484,T,1,None,0.218085106,0.204402516,0.064705882,0.049603175,0.275086505,0.234042553,0.242524917,0.188495575
rs7552393,G,1,None,0.388297872,0.481132075,0.205882353,0.31547619,0.591695502,0.425531915,0.448504983,0.686725664
rs10188577,T,2,None,0.659574468,0.712264151,0.9,0.793650794,0.693771626,0.728723404,0.720930233,0.899115044
rs10495669,C,2,None,0.574468085,0.448113208,0.782352941,0.945436508,0.448096886,0.563829787,0.573089701,0.507964602
rs10865035,G,2,None,0.409574468,0.468553459,0.364705882,0.589285714,0.553633218,0.337765957,0.435215947,0.139823009
rs11466285,A,2,None,0.973404255,0.935534591,0.982352941,0.898809524,0.861591696,0.954787234,0.96179402,0.963716814
rs11684202,A,2,None,0.670212766,0.661949686,0.882352941,0.77281746,0.641868512,0.718085106,0.719269103,0.888495575
rs11886999,C,2,None,0.308510638,0.221698113,0.341176471,0.350198413,0.209342561,0.303191489,0.313953488,0.151327434
rs12475512,A,2,None,0.430851064,0.471698113,0.352941176,0.323412698,0.434256055,0.406914894,0.440199336,0.63539823
rs13031237,G,2,None,0.739361702,0.666666667,0.882352941,0.985119048,0.640138408,0.944148936,0.916943522,0.973451327
rs13411858,T,2,None,0.739361702,0.828616352,0.588235294,0.659722222,0.801038062,0.845744681,0.840531561,0.622123894
rs1346311,G,2,None,0.85106383,0.877358491,0.923529412,0.904761905,0.873702422,0.928191489,0.931893688,0.8
rs1550404,T,2,None,0.95212766,0.948113208,0.994117647,1,0.939446367,0.989361702,0.970099668,0.986725664
rs1876518,C,2,None,0.574468085,0.517295597,0.717647059,0.76984127,0.584775087,0.67287234,0.61461794,0.455752212
rs2011425,T,2,None,0.920212766,0.891509434,0.864705882,0.791666667,0.92733564,0.771276596,0.784053156,0.925663717
rs2114591,G,2,None,0.409574468,0.544025157,0.205882353,0.33234127,0.562283737,0.643617021,0.676079734,0.553982301
rs2271893,G,2,None,0.79787234,0.787735849,0.817647059,0.797619048,0.643598616,0.888297872,0.875415282,0.99380531
rs2293572,C,2,None,0.659574468,0.650943396,0.405882353,0.833333333,0.591695502,0.492021277,0.53654485,0.601769912
rs2551645,T,2,None,0.659574468,0.644654088,0.464705882,0.630952381,0.62283737,0.473404255,0.475083056,0.301769912
rs4672457,G,2,None,0.95212766,0.971698113,0.9,0.999007937,0.958477509,0.968085106,0.986710963,0.995575221
rs4674344,T,2,None,0.382978723,0.518867925,0.382352941,0.161706349,0.5,0.319148936,0.38538206,0.639823009
rs6723097,A,2,None,0.585106383,0.470125786,0.523529412,0.521825397,0.394463668,0.67287234,0.667774086,0.872566372
rs6726450,G,2,None,0.760638298,0.867924528,0.517647059,0.617063492,0.944636678,0.795212766,0.867109635,0.704424779
rs6728440,A,2,None,0.845744681,0.856918239,0.805882353,0.968253968,0.832179931,0.944148936,0.930232558,0.984070796
rs673548,G,2,None,0.792553191,0.783018868,0.617647059,0.287698413,0.783737024,0.353723404,0.480066445,0.812389381
rs6739130,G,2,None,0.10106383,0.114779874,0.1,0.05952381,0.100346021,0.074468085,0.059800664,0.157522124
rs6750634,A,2,None,0.393617021,0.240566038,0.364705882,0.514880952,0.259515571,0.234042553,0.171096346,0.378761062
rs7570532,G,2,None,0.324468085,0.27672956,0.111764706,0.242063492,0.190311419,0.178191489,0.182724252,0.743362832
rs7590720,A,2,None,0.808510638,0.685534591,0.858823529,0.681547619,0.757785467,0.678191489,0.574750831,0.784955752
rs8176592,A,2,None,0.723404255,0.679245283,0.811764706,0.85515873,0.707612457,0.731382979,0.717607973,0.552212389
rs848512,A,2,None,0.234042553,0.281446541,0.194117647,0.084325397,0.252595156,0.199468085,0.240863787,0.133628319
rs934197,G,2,None,0.707446809,0.696540881,0.741176471,0.882936508,0.698961938,0.901595745,0.860465116,0.903539823
rs10490775,C,3,None,0.920212766,0.899371069,0.911764706,0.922619048,0.892733564,0.757978723,0.76744186,0.87079646
rs1054190,C,3,None,0.861702128,0.842767296,0.941176471,0.999007937,0.878892734,0.973404255,0.958471761,0.960176991
rs12053868,A,3,None,0.877659574,0.893081761,0.905882353,0.866071429,0.899653979,0.925531915,0.933554817,0.996460177
rs12636547,G,3,None,0.957446809,0.910377358,0.847058824,0.962301587,0.923875433,0.901595745,0.865448505,0.951327434
rs13323323,G,3,None,0.79787234,0.710691824,0.835294118,0.955357143,0.738754325,0.77393617,0.73089701,0.837168142
rs166508,C,3,None,0.590425532,0.438679245,0.652941176,0.712301587,0.46366782,0.316489362,0.358803987,0.291150442
rs2120243,C,3,None,0.680851064,0.588050314,0.770588235,0.651785714,0.57266436,0.691489362,0.661129568,0.669026549
rs2251177,T,3,None,0.978723404,0.996855346,0.988235294,1,1,0.957446809,0.975083056,0.863716814
rs3181077,T,3,None,0.85106383,0.783018868,0.894117647,0.907738095,0.733564014,0.85106383,0.833887043,0.953982301
rs3914188,G,3,None,0.340425532,0.20754717,0.147058824,0.365079365,0.295847751,0.359042553,0.315614618,0.27699115
rs3922844,T,3,None,0.361702128,0.364779874,0.341176471,0.12202381,0.262975779,0.319148936,0.26910299,0.66460177
rs40593,A,3,None,0.984042553,0.988993711,0.988235294,0.776785714,0.991349481,0.989361702,0.995016611,0.872566372
rs4396880,G,3,None,0.659574468,0.652515723,0.805882353,0.69047619,0.603806228,0.731382979,0.707641196,0.750442478
rs4557202,G,3,None,0.462765957,0.525157233,0.435294118,0.197420635,0.505190311,0.409574468,0.425249169,0.596460177
rs4680719,A,3,None,0.473404255,0.43081761,0.723529412,0.273809524,0.446366782,0.425531915,0.358803987,0.321238938
rs559356,T,3,None,0.654255319,0.56918239,0.747058824,0.594246032,0.553633218,0.654255319,0.659468439,0.808849558
rs59374417,A,3,None,0.89893617,0.858490566,0.923529412,0.712301587,0.903114187,0.664893617,0.710963455,0.737168142
rs6771023,T,3,None,0.755319149,0.789308176,0.905882353,0.882936508,0.8183391,0.864361702,0.775747508,0.692035398
rs7620503,T,3,None,0.430851064,0.41509434,0.635294118,0.540674603,0.35467128,0.473404255,0.405315615,0.548672566
rs7628626,C,3,None,0.79787234,0.795597484,0.717647059,0.849206349,0.797577855,0.861702128,0.835548173,0.831858407
rs7650621,A,3,None,1,0.998427673,1,1,1,1,1,0.901769912
rs7651265,A,3,None,0.85106383,0.869496855,0.835294118,0.89781746,0.906574394,0.930851064,0.890365449,0.815929204
rs80059929,T,3,None,0.936170213,0.949685535,0.882352941,0.956349206,0.944636678,0.954787234,0.971760797,0.992920354
rs822395,C,3,None,0.377659574,0.336477987,0.247058824,0.131944444,0.320069204,0.284574468,0.368770764,0.422123894
rs9290877,T,3,None,0.712765957,0.652515723,0.911764706,0.985119048,0.707612457,0.752659574,0.710963455,0.974336283
rs9310709,C,3,None,0.558510638,0.465408805,0.794117647,0.438492063,0.505190311,0.486702128,0.503322259,0.169026549
rs958144,C,3,None,0.739361702,0.841194969,0.476470588,0.787698413,0.87716263,0.875,0.837209302,0.975221239
rs9834373,G,3,None,0.60106383,0.795597484,0.382352941,0.495039683,0.6816609,0.611702128,0.634551495,0.984070796
rs9866825,A,3,None,0.478723404,0.459119497,0.423529412,0.256944444,0.444636678,0.361702128,0.302325581,0.371681416
rs10009145,G,4,None,0.664893617,0.610062893,0.788235294,0.880952381,0.517301038,0.518617021,0.456810631,0.916814159
rs1025154,T,4,None,0.776595745,0.849056604,0.794117647,0.462301587,0.783737024,0.795212766,0.797342193,0.942477876
rs11100904,C,4,None,0.574468085,0.66509434,0.576470588,0.893849206,0.617647059,0.694148936,0.611295681,0.697345133
rs1229984,C,4,None,0.925531915,0.940251572,0.988235294,0.302579365,0.993079585,0.989361702,0.973421927,1
rs12507634,A,4,None,0.54787234,0.641509434,0.388235294,0.833333333,0.624567474,0.763297872,0.702657807,0.848672566
rs12513380,G,4,None,0.563829787,0.806603774,0.441176471,0.588293651,0.792387543,0.555851064,0.564784053,0.888495575
rs13146355,G,4,None,0.643617021,0.619496855,0.617647059,0.796626984,0.55017301,0.856382979,0.860465116,0.919469027
rs1395479,C,4,None,0.765957447,0.757861635,0.911764706,0.783730159,0.728373702,0.768617021,0.76910299,0.990265487
rs1912826,G,4,None,0.382978723,0.476415094,0.405882353,0.318452381,0.477508651,0.635638298,0.599667774,0.308849558
rs2008242,C,4,None,0.686170213,0.671383648,0.829411765,0.770833333,0.737024221,0.625,0.602990033,0.515044248
rs230525,A,4,None,0.585106383,0.699685535,0.394117647,0.558531746,0.643598616,0.744680851,0.76744186,0.833628319
rs2531154,T,4,None,0.829787234,0.940251572,0.635294118,0.673611111,0.930795848,0.781914894,0.828903654,0.849557522
rs3737482,T,4,None,1,0.995283019,1,0.635912698,1,1,0.996677741,1
rs4220,A,4,None,0.132978723,0.188679245,0.070588235,0.224206349,0.211072664,0.122340426,0.151162791,0.075221239
rs4690073,A,4,None,0.45212766,0.402515723,0.358823529,0.375,0.467128028,0.343085106,0.30730897,0.580530973
rs4693646,A,4,None,0.489361702,0.553459119,0.364705882,0.249007937,0.411764706,0.292553191,0.373754153,0.938938053
rs6449157,A,4,None,0.558510638,0.449685535,0.529411765,0.107142857,0.423875433,0.271276596,0.234219269,0.768141593
rs6449174,C,4,None,0.457446809,0.555031447,0.482352941,0.892857143,0.574394464,0.728723404,0.764119601,0.330973451
rs6532271,C,4,None,0.734042553,0.841194969,0.558823529,0.79265873,0.84083045,0.901595745,0.897009967,0.681415929
rs6822976,G,4,None,0.45212766,0.529874214,0.617647059,0.404761905,0.493079585,0.513297872,0.435215947,0.826548673
rs7664751,A,4,None,0.271276596,0.139937107,0.217647059,0.343253968,0.133217993,0.17287234,0.15448505,0.431858407
rs7667298,T,4,None,0.430851064,0.474842767,0.182352941,0.344246032,0.415224913,0.553191489,0.543189369,0.713274336
rs7676384,C,4,None,0.686170213,0.877358491,0.782352941,0.711309524,0.842560554,0.872340426,0.880398671,0.746902655
rs7694379,G,4,None,0.654255319,0.602201258,0.852941176,0.639880952,0.58650519,0.821808511,0.80730897,0.539823009
rs8180167,A,4,None,0.292553191,0.224842767,0.288235294,0.203373016,0.174740484,0.420212766,0.411960133,0.847787611
rs873785,T,4,None,0.680851064,0.641509434,0.823529412,0.79265873,0.636678201,0.744680851,0.705980066,0.72920354
rs9307160,T,4,None,0.781914894,0.696540881,0.723529412,0.915674603,0.688581315,0.829787234,0.842192691,0.648672566
rs9307551,A,4,None,0.191489362,0.16509434,0.176470588,0.438492063,0.216262976,0.614361702,0.584717608,0.215929204
rs950063,T,4,None,0.675531915,0.594339623,0.923529412,0.733134921,0.614186851,0.638297872,0.681063123,0.918584071
rs9790517,C,4,None,0.781914894,0.800314465,0.523529412,0.365079365,0.78200692,0.70212766,0.73089701,0.948672566
rs10520873,T,5,None,0.861702128,0.767295597,0.941176471,0.803571429,0.664359862,0.75,0.76744186,0.949557522
rs11741640,G,5,None,0.723404255,0.738993711,0.823529412,0.856150794,0.705882353,0.744680851,0.764119601,0.966371681
rs11950646,G,5,None,0.446808511,0.424528302,0.347058824,0.706349206,0.35467128,0.545212766,0.473421927,0.956637168
rs12109285,T,5,None,0.984042553,0.985849057,0.988235294,0.992063492,1,0.994680851,1,0.742477876
rs12522161,T,5,None,0.755319149,0.699685535,0.8,0.954365079,0.619377163,0.779255319,0.799003322,0.97699115
rs13178362,T,5,None,0.792553191,0.853773585,0.835294118,0.946428571,0.806228374,0.832446809,0.842192691,0.840707965
rs1445898,C,5,None,0.367021277,0.572327044,0.211764706,0.239087302,0.551903114,0.268617021,0.300664452,0.769911504
rs166040,G,5,None,0.755319149,0.872641509,0.552941176,0.833333333,0.894463668,0.805851064,0.795681063,0.700884956
rs16891982,C,5,None,0.361702128,0.20754717,0.841176471,0.994047619,0.027681661,0.949468085,0.935215947,0.973451327
rs17421627,T,5,None,0.925531915,0.938679245,0.982352941,0.97718254,0.930795848,0.960106383,0.965116279,0.996460177
rs2011077,C,5,None,0.755319149,0.822327044,0.470588235,0.491071429,0.807958478,0.784574468,0.790697674,0.979646018
rs2255280,A,5,None,0.946808511,0.990566038,0.776470588,0.595238095,1,0.960106383,0.953488372,0.999115044
rs245178,T,5,None,0.728723404,0.715408805,0.564705882,0.575396825,0.679930796,0.505319149,0.519933555,0.900884956
rs2569191,T,5,None,0.563829787,0.482704403,0.358823529,0.425595238,0.541522491,0.502659574,0.453488372,0.684070796
rs2736108,C,5,None,0.792553191,0.73427673,0.764705882,0.694444444,0.723183391,0.486702128,0.425249169,0.921238938
rs275437,T,5,None,0.425531915,0.380503145,0.641176471,0.676587302,0.378892734,0.428191489,0.450166113,0.566371681
rs2910464,C,5,None,0.994680851,0.996855346,1,0.989087302,1,0.994680851,1,0.943362832
rs347344,C,5,None,0.558510638,0.580188679,0.394117647,0.709325397,0.565743945,0.54787234,0.516611296,0.669911504
rs350099,T,5,None,0.553191489,0.556603774,0.452941176,0.538690476,0.593425606,0.404255319,0.431893688,0.507964602
rs3776082,G,5,None,0.558510638,0.540880503,0.582352941,0.403769841,0.593425606,0.553191489,0.523255814,0.413274336
rs3822625,A,5,None,0.89893617,0.93081761,0.929411765,0.891865079,0.92733564,0.95212766,0.940199336,0.878761062
rs3846635,A,5,None,0.808510638,0.902515723,0.717647059,0.834325397,0.925605536,0.95212766,0.968438538,0.763716814
rs40401,T,5,None,0.271276596,0.264150943,0.376470588,0.571428571,0.275086505,0.329787234,0.290697674,0.572566372
rs4958351,G,5,None,0.728723404,0.676100629,0.929411765,0.967261905,0.633217993,0.609042553,0.533222591,0.755752212
rs6555259,A,5,None,0.04787234,0.061320755,0.011764706,0.003968254,0.048442907,0.087765957,0.122923588,0.12300885
rs6596140,C,5,None,0.728723404,0.677672956,0.423529412,0.652777778,0.669550173,0.574468085,0.627906977,0.645132743
rs6596428,T,5,None,0.489361702,0.48427673,0.552941176,0.306547619,0.541522491,0.67287234,0.735880399,0.202654867
rs6863015,C,5,None,0.707446809,0.677672956,0.405882353,0.568452381,0.636678201,0.630319149,0.634551495,0.665486726
rs9325104,G,5,None,0.494680851,0.45754717,0.629411765,0.52281746,0.422145329,0.340425532,0.342192691,0.702654867
rs969088,G,5,None,0.888297872,0.946540881,0.770588235,0.740079365,0.968858131,0.885638298,0.935215947,0.77079646
rs10456544,T,6,None,0.973404255,0.971698113,1,1,0.944636678,0.989361702,0.985049834,1
rs10485165,C,6,None,0.824468085,0.786163522,0.670588235,0.658730159,0.878892734,0.77393617,0.775747508,0.995575221
rs104893997,C,6,None,0.893617021,0.858490566,0.894117647,0.80952381,0.835640138,0.904255319,0.911960133,0.838938053
rs111301312,T,6,None,0.957446809,0.963836478,0.994117647,0.989087302,0.946366782,0.936170213,0.890365449,0.963716814
rs1130947,T,6,None,0.25,0.245283019,0.129411765,0.192460317,0.301038062,0.292553191,0.217607973,0.202654867
rs116488202,C,6,None,0.973404255,0.976415094,0.994117647,0.999007937,0.942906574,0.992021277,0.993355482,0.996460177
rs1180243,T,6,None,0.468085106,0.416666667,0.6,0.405753968,0.430795848,0.311170213,0.362126246,0.761061947
rs16892673,A,6,None,0.04787234,0.070754717,0.017647059,0.001984127,0.067474048,0.082446809,0.069767442,0.17699115
rs17066096,A,6,None,0.728723404,0.757861635,0.770588235,0.899801587,0.788927336,0.832446809,0.840531561,0.872566372
rs2224003,C,6,None,0.787234043,0.783018868,0.858823529,0.981150794,0.773356401,0.949468085,0.935215947,0.969911504
rs2651206,C,6,None,0.664893617,0.635220126,0.758823529,0.564484127,0.676470588,0.630319149,0.583056478,0.195575221
rs3117103,A,6,None,0.984042553,0.926100629,0.982352941,0.987103175,0.911764706,0.978723404,0.991694352,0.912389381
rs3117225,A,6,None,0.356382979,0.342767296,0.352941176,0.621031746,0.297577855,0.425531915,0.330564784,0.615929204
rs3129878,C,6,None,0.335106383,0.27672956,0.217647059,0.357142857,0.299307958,0.337765957,0.302325581,0.268141593
rs3176352,G,6,None,0.324468085,0.311320755,0.429411765,0.612103175,0.230103806,0.436170213,0.465116279,0.717699115
rs35229355,C,6,None,0.984042553,0.988993711,1,0.60515873,0.98615917,0.864361702,0.901993355,0.930973451
rs3765310,C,6,None,0.941489362,0.971698113,1,0.933531746,0.970588235,0.869680851,0.905315615,0.978761062
rs4151657,T,6,None,0.712765957,0.641509434,0.7,0.689484127,0.65916955,0.686170213,0.720930233,0.961061947
rs458017,T,6,None,0.95212766,0.93081761,0.911764706,0.999007937,0.939446367,0.968085106,0.96013289,0.96460177
rs4947019,C,6,None,0.824468085,0.907232704,0.717647059,0.788690476,0.901384083,0.734042553,0.755813953,0.97079646
rs512077,G,6,None,0.659574468,0.784591195,0.605882353,0.829365079,0.859861592,0.680851064,0.694352159,0.650442478
rs7757884,A,6,None,0.760638298,0.661949686,0.882352941,0.779761905,0.648788927,0.736702128,0.735880399,0.810619469
rs7772603,T,6,None,0.696808511,0.687106918,0.705882353,0.599206349,0.666089965,0.72606383,0.755813953,0.365486726
rs805303,G,6,None,0.606382979,0.652515723,0.470588235,0.630952381,0.607266436,0.619680851,0.747508306,0.346902655
rs9275319,A,6,None,0.744680851,0.849056604,0.682352941,0.865079365,0.792387543,0.904255319,0.911960133,0.882300885
rs928815,G,6,None,0.590425532,0.575471698,0.635294118,0.66468254,0.626297578,0.635638298,0.594684385,0.738938053
rs9320598,A,6,None,0.760638298,0.889937107,0.423529412,0.515873016,0.930795848,0.92287234,0.92192691,0.732743363
rs9375813,C,6,None,0.936170213,0.886792453,0.917647059,0.849206349,0.915224913,0.954787234,0.96013289,0.751327434
rs9479055,C,6,None,0.606382979,0.407232704,0.605882353,0.796626984,0.399653979,0.579787234,0.551495017,0.862831858
rs9496398,T,6,None,0.973404255,0.988993711,0.994117647,1,1,1,1,0.815929204
rs10244051,T,7,None,0.457446809,0.481132075,0.676470588,0.314484127,0.496539792,0.348404255,0.370431894,0.453097345
rs10247962,A,7,None,0.904255319,0.853773585,0.923529412,0.887896825,0.807958478,0.789893617,0.787375415,0.988495575
rs10429035,A,7,None,0.319148936,0.27672956,0.223529412,0.194444444,0.276816609,0.353723404,0.279069767,0.727433628
rs1105255,C,7,None,0.712765957,0.713836478,0.623529412,0.53968254,0.773356401,0.819148936,0.850498339,0.276106195
rs1106684,C,7,None,0.914893617,0.875786164,0.976470588,0.909722222,0.847750865,0.885638298,0.880398671,0.853097345
rs12056091,G,7,None,0.590425532,0.652515723,0.6,0.538690476,0.638408304,0.574468085,0.61461794,0.74159292
rs12534701,G,7,None,0.643617021,0.685534591,0.823529412,0.625,0.621107266,0.526595745,0.584717608,0.811504425
rs13230047,C,7,None,0.978723404,0.968553459,0.994117647,1,0.974048443,0.989361702,0.986710963,0.999115044
rs1406503,G,7,None,0.962765957,0.960691824,0.905882353,0.946428571,0.974048443,0.992021277,0.993355482,0.968141593
rs1525739,C,7,None,0.510638298,0.487421384,0.376470588,0.195436508,0.465397924,0.210106383,0.279069767,0.365486726
rs1527769,C,7,None,0.930851064,0.941823899,0.982352941,1,0.897923875,0.986702128,0.975083056,0.999115044
rs17145738,C,7,None,0.957446809,0.926100629,0.964705882,0.906746032,0.866782007,0.928191489,0.918604651,0.930088496
rs2069442,G,7,None,0.638297872,0.738993711,0.264705882,0.698412698,0.707612457,0.718085106,0.737541528,0.617699115
rs2106595,G,7,None,0.739361702,0.639937107,0.882352941,0.694444444,0.65916955,0.776595745,0.813953488,0.949557522
rs2228946,C,7,None,0.803191489,0.781446541,0.970588235,0.988095238,0.788927336,0.933510638,0.88372093,0.662831858
rs2235015,C,7,None,0.813829787,0.806603774,0.888235294,0.928571429,0.797577855,0.832446809,0.810631229,0.610619469
rs2235040,C,7,None,0.835106383,0.864779874,0.905882353,0.930555556,0.889273356,0.82712766,0.815614618,0.818584071
rs2299472,C,7,None,0.664893617,0.639937107,0.758823529,0.56547619,0.621107266,0.561170213,0.583056478,0.888495575
rs2402118,C,7,None,0.712765957,0.61163522,0.7,0.922619048,0.655709343,0.795212766,0.780730897,0.982300885
rs2715147,T,7,None,0.563829787,0.479559748,0.605882353,0.818452381,0.491349481,0.651595745,0.583056478,0.717699115
rs4730273,C,7,None,0.723404255,0.735849057,0.652941176,0.612103175,0.735294118,0.765957447,0.762458472,0.845132743
rs6465825,T,7,None,0.707446809,0.589622642,0.676470588,0.779761905,0.591695502,0.646276596,0.632890365,0.491150442
rs6954345,G,7,None,0.781914894,0.786163522,0.747058824,0.811507937,0.719723183,0.64893617,0.591362126,0.667256637
rs6954895,T,7,None,0.755319149,0.677672956,0.764705882,0.938492063,0.799307958,0.640957447,0.637873754,0.625663717
rs6962966,G,7,None,0.441489362,0.487421384,0.423529412,0.653769841,0.496539792,0.489361702,0.548172757,0.507079646
rs727162,C,7,None,0.627659574,0.757861635,0.588235294,0.648809524,0.792387543,0.531914894,0.601328904,0.730088496
rs740949,A,7,None,0.212765957,0.273584906,0.129411765,0.297619048,0.299307958,0.380319149,0.395348837,0.183185841
rs7780883,G,7,None,0.813829787,0.660377358,0.905882353,0.889880952,0.69550173,0.712765957,0.649501661,0.462831858
rs9640883,G,7,None,0.617021277,0.731132075,0.388235294,0.392857143,0.749134948,0.712765957,0.737541528,0.990265487
rs9986786,C,7,None,0.941489362,0.929245283,0.982352941,0.999007937,0.870242215,0.957446809,0.943521595,0.999115044
rs10106540,A,8,None,0.712765957,0.669811321,0.764705882,0.495039683,0.75432526,0.611702128,0.664451827,0.438938053
rs10107366,T,8,None,0.989361702,0.996855346,1,0.998015873,1,0.97606383,0.976744186,0.919469027
rs10109414,C,8,None,0.643617021,0.616352201,0.776470588,0.706349206,0.553633218,0.875,0.901993355,0.687610619
rs1015213,C,8,None,0.941489362,0.896226415,0.994117647,0.986111111,0.899653979,0.869680851,0.905315615,0.648672566
rs1048101,G,8,None,0.489361702,0.477987421,0.447058824,0.892857143,0.415224913,0.526595745,0.553156146,0.797345133
rs10503733,G,8,None,0.707446809,0.718553459,0.588235294,0.715277778,0.698961938,0.670212766,0.646179402,0.708849558
rs10505477,A,8,None,0.478723404,0.511006289,0.447058824,0.388888889,0.489619377,0.492021277,0.513289037,0.874336283
rs10957961,G,8,None,0.617021277,0.577044025,0.635294118,0.784722222,0.525951557,0.609042553,0.626245847,0.899115044
rs11780915,G,8,None,0.606382979,0.614779874,0.552941176,0.501984127,0.602076125,0.659574468,0.61627907,0.837168142
rs11987758,G,8,None,0.909574468,0.856918239,0.982352941,0.867063492,0.873702422,0.925531915,0.897009967,0.875221239
rs13256369,C,8,None,0.234042553,0.194968553,0.488235294,0.491071429,0.240484429,0.409574468,0.395348837,0.216814159
rs1346044,T,8,None,0.79787234,0.757861635,0.858823529,0.895833333,0.735294118,0.72606383,0.710963455,0.852212389
rs1516971,C,8,None,0.138297872,0.133647799,0.035294118,0.018849206,0.100346021,0.098404255,0.107973422,0.367256637
rs17126232,C,8,None,0.877659574,0.902515723,0.847058824,0.999007937,0.903114187,0.906914894,0.893687708,0.889380531
rs1721082,A,8,None,0.308510638,0.246855346,0.411764706,0.48015873,0.188581315,0.279255319,0.285714286,0.542477876
rs1800971,T,8,None,0.957446809,0.966981132,0.988235294,0.963293651,0.993079585,0.941489362,0.940199336,0.753982301
rs2019960,T,8,None,0.70212766,0.805031447,0.652941176,0.925595238,0.766435986,0.85106383,0.862126246,0.532743363
rs2442607,C,8,None,0.122340426,0.135220126,0.035294118,0.040674603,0.131487889,0.183510638,0.147840532,0.378761062
rs264,G,8,None,0.861702128,0.831761006,0.811764706,0.766865079,0.878892734,0.821808511,0.820598007,0.89380531
rs2954041,G,8,None,0.89893617,0.981132075,0.664705882,0.631944444,0.977508651,0.893617021,0.880398671,0.952212389
rs2979481,C,8,None,0.377659574,0.36163522,0.629411765,0.699404762,0.368512111,0.292553191,0.313953488,0.522123894
rs352203,T,8,None,0.680851064,0.580188679,0.658823529,0.650793651,0.605536332,0.638297872,0.617940199,0.7
rs3735972,T,8,None,0.930851064,0.926100629,0.870588235,0.89781746,0.897923875,0.917553191,0.936877076,0.930088496
rs4738824,G,8,None,0.840425532,0.770440252,0.9,0.944444444,0.788927336,0.946808511,0.92358804,0.822123894
rs4871750,G,8,None,0.505319149,0.533018868,0.688235294,0.533730159,0.538062284,0.563829787,0.529900332,0.716814159
rs62526245,A,8,None,0.329787234,0.322327044,0.188235294,0.595238095,0.288927336,0.39893617,0.401993355,0.569911504
rs6474412,C,8,None,0.292553191,0.262578616,0.264705882,0.206349206,0.247404844,0.263297872,0.280730897,0.707079646
rs6559140,A,8,None,0.138297872,0.240566038,0.052941176,0,0.197231834,0.10106383,0.149501661,0.183185841
rs7832529,C,8,None,0.095744681,0.070754717,0.152941176,0.156746032,0.051903114,0.212765957,0.194352159,0.780530973
rs8192870,G,8,None,0.755319149,0.672955975,0.9,0.742063492,0.631487889,0.670212766,0.667774086,0.862831858
rs10756650,G,9,None,0.632978723,0.594339623,0.658823529,0.748015873,0.678200692,0.617021277,0.696013289,0.573451327
rs10757257,G,9,None,0.643617021,0.628930818,0.476470588,0.553571429,0.584775087,0.718085106,0.757475083,0.846017699
rs10761129,T,9,None,0.70212766,0.683962264,0.911764706,0.913690476,0.685121107,0.617021277,0.559800664,0.779646018
rs10969375,T,9,None,0.872340426,0.850628931,0.911764706,0.848214286,0.816608997,0.829787234,0.820598007,0.72920354
rs10974620,G,9,None,0.319148936,0.254716981,0.311764706,0.454365079,0.25432526,0.175531915,0.214285714,0.212389381
rs10975200,A,9,None,0.696808511,0.831761006,0.676470588,0.46031746,0.825259516,0.832446809,0.868770764,0.666371681
rs10982396,C,9,None,0.893617021,0.860062893,0.847058824,0.999007937,0.915224913,0.994680851,0.978405316,0.973451327
rs10985070,C,9,None,0.393617021,0.413522013,0.423529412,0.499007937,0.472318339,0.372340426,0.337209302,0.798230088
rs12351590,A,9,None,0.712765957,0.93081761,0.452941176,0.520833333,0.930795848,0.715425532,0.822259136,0.786725664
rs1330692,T,9,None,0.893617021,0.823899371,0.835294118,0.791666667,0.870242215,0.699468085,0.73089701,0.985840708
rs1538660,G,9,None,0.840425532,0.83490566,0.823529412,0.706349206,0.823529412,0.747340426,0.787375415,0.669026549
rs1982151,G,9,None,0.771276596,0.683962264,0.917647059,0.706349206,0.742214533,0.654255319,0.612956811,0.572566372
rs2157719,C,9,None,0.218085106,0.350628931,0.088235294,0.092261905,0.458477509,0.276595745,0.272425249,0.005309735
rs2491397,C,9,None,0.542553191,0.465408805,0.823529412,0.873015873,0.458477509,0.52393617,0.506644518,0.579646018
rs2777777,T,9,None,0.388297872,0.48427673,0.2,0.058531746,0.480968858,0.340425532,0.378737542,0.492035398
rs2797512,T,9,None,0.978723404,0.98427673,0.994117647,1,1,1,1,0.768141593
rs3132297,G,9,None,0.819148936,0.827044025,0.758823529,0.803571429,0.85467128,0.691489362,0.704318937,0.989380531
rs3181366,G,9,None,0.484042553,0.573899371,0.417647059,0.754960317,0.62283737,0.590425532,0.604651163,0.803539823
rs343480,A,9,None,0.957446809,0.981132075,0.988235294,0.795634921,0.984429066,0.946808511,0.958471761,0.742477876
rs343496,A,9,None,0.845744681,0.773584906,0.947058824,0.98015873,0.837370242,0.776595745,0.754152824,0.847787611
rs3731257,G,9,None,0.75,0.72327044,0.770588235,0.449404762,0.766435986,0.659574468,0.599667774,0.927433628
rs4149338,A,9,None,0.377659574,0.273584906,0.541176471,0.746031746,0.292387543,0.396276596,0.367109635,0.414159292
rs4744411,G,9,None,0.632978723,0.575471698,0.711764706,0.724206349,0.607266436,0.77393617,0.676079734,0.812389381
rs55768522,G,9,None,0.936170213,0.971698113,0.711764706,0.735119048,0.982698962,0.930851064,0.951827243,0.953982301
rs560764,G,9,None,0.553191489,0.459119497,0.605882353,0.669642857,0.453287197,0.638297872,0.661129568,0.669911504
rs7027930,T,9,None,0.590425532,0.676100629,0.364705882,0.665674603,0.723183391,0.808510638,0.812292359,0.526548673
rs7044150,C,9,None,0.739361702,0.622641509,0.888235294,0.970238095,0.679930796,0.82712766,0.799003322,0.952212389
rs8190560,C,9,None,0.872340426,0.962264151,0.652941176,0.930555556,0.970588235,0.912234043,0.926910299,0.999115044
rs908832,G,9,None,0.978723404,0.977987421,0.994117647,0.999007937,0.961937716,0.962765957,0.980066445,0.912389381
rs912062,A,9,None,0.819148936,0.908805031,0.741176471,0.794642857,0.939446367,0.832446809,0.897009967,0.783185841
rs10857636,C,10,None,0.968085106,0.943396226,0.982352941,0.999007937,0.934256055,0.989361702,0.971760797,0.954867257
rs10882283,C,10,None,0.340425532,0.396226415,0.105882353,0.100198413,0.371972318,0.412234043,0.410299003,0.40619469
rs10905651,A,10,None,0.553191489,0.578616352,0.470588235,0.398809524,0.505190311,0.35106383,0.350498339,0.684955752
rs11016883,G,10,None,0.606382979,0.643081761,0.847058824,0.662698413,0.529411765,0.622340426,0.573089701,0.816814159
rs112125027,A,10,None,0.973404255,0.941823899,0.982352941,0.873015873,0.942906574,0.82712766,0.822259136,0.985840708
rs11255291,C,10,None,0.462765957,0.547169811,0.429411765,0.670634921,0.57266436,0.664893617,0.657807309,0.73539823
rs12769205,A,10,None,0.893617021,0.878930818,0.935294118,0.6875,0.835640138,0.627659574,0.651162791,0.799115044
rs1391511,A,10,None,0.446808511,0.378930818,0.458823529,0.510912698,0.441176471,0.460106383,0.468438538,0.90619469
rs17115149,G,10,None,1,1,1,0.923611111,0.998269896,0.973404255,0.986710963,0.999115044
rs17134592,C,10,None,0.787234043,0.90408805,0.688235294,0.888888889,0.85467128,0.912234043,0.877076412,0.97699115
rs1799853,C,10,None,0.877659574,0.855345912,0.976470588,0.999007937,0.892733564,0.97606383,0.958471761,0.994690265
rs1864414,G,10,None,0.122340426,0.172955975,0.047058824,0.185515873,0.193771626,0.22606383,0.166112957,0.186725664
rs1871345,T,10,None,0.20212766,0.213836478,0.535294118,0.415674603,0.198961938,0.242021277,0.212624585,0.426548673
rs1926203,A,10,None,0.505319149,0.608490566,0.194117647,0.136904762,0.652249135,0.231382979,0.250830565,0.555752212
rs1937970,G,10,None,0.505319149,0.317610063,0.635294118,0.595238095,0.290657439,0.242021277,0.247508306,0.879646018
rs2296135,C,10,None,0.515957447,0.51572327,0.288235294,0.43452381,0.470588235,0.611702128,0.528239203,0.801769912
rs2505535,G,10,None,0.712765957,0.775157233,0.694117647,0.527777778,0.716262976,0.678191489,0.704318937,0.982300885
rs2506030,A,10,None,0.553191489,0.597484277,0.435294118,0.30952381,0.62283737,0.449468085,0.445182724,0.919469027
rs2574975,T,10,None,0.664893617,0.643081761,0.541176471,0.777777778,0.674740484,0.579787234,0.57807309,0.76460177
rs2999399,T,10,None,0.734042553,0.727987421,0.788235294,0.890873016,0.814878893,0.622340426,0.621262458,0.599115044
rs3125734,T,10,None,0.329787234,0.386792453,0.135294118,0.100198413,0.358131488,0.465425532,0.50166113,0.691150442
rs3802656,G,10,None,0.819148936,0.756289308,0.882352941,0.969246032,0.762975779,0.82712766,0.827242525,0.503539823
rs4553261,A,10,None,0.808510638,0.787735849,0.958823529,0.998015873,0.738754325,0.920212766,0.915282392,0.852212389
rs4752307,A,10,None,0.287234043,0.257861635,0.329411765,0.546626984,0.309688581,0.35106383,0.322259136,0.638938053
rs6585194,C,10,None,0.654255319,0.674528302,0.770588235,0.671626984,0.762975779,0.704787234,0.677740864,0.438938053
rs7069733,C,10,None,0.760638298,0.798742138,0.952941176,0.836309524,0.875432526,0.707446809,0.681063123,0.515044248
rs7917983,C,10,None,0.484042553,0.570754717,0.317647059,0.699404762,0.44982699,0.558510638,0.529900332,0.828318584
rs7922449,T,10,None,0.377659574,0.29245283,0.294117647,0.293650794,0.306228374,0.39893617,0.400332226,0.674336283
rs1076562,G,11,None,0.617021277,0.762578616,0.588235294,0.48015873,0.738754325,0.609042553,0.674418605,0.410619469
rs10769945,C,11,None,0.664893617,0.548742138,0.882352941,0.588293651,0.515570934,0.67287234,0.61627907,0.853097345
rs10893585,G,11,None,0.734042553,0.738993711,0.664705882,0.551587302,0.74567474,0.64893617,0.642857143,0.962831858
rs10894604,G,11,None,0.265957447,0.278301887,0.129411765,0.026785714,0.301038062,0.119680851,0.134551495,0.108849558
rs113652043,C,11,None,0.962765957,0.982704403,0.988235294,1,0.987889273,0.997340426,0.99833887,0.897345133
rs117619140,G,11,None,0.920212766,0.959119497,0.670588235,1,0.968858131,0.986702128,0.980066445,0.998230088
rs12291063,T,11,None,0.755319149,0.968553459,0.523529412,0.847222222,1,0.986702128,0.983388704,0.677876106
rs12797615,T,11,None,0.819148936,0.73427673,0.847058824,0.949404762,0.702422145,0.813829787,0.762458472,0.95840708
rs12799172,C,11,None,0.734042553,0.688679245,0.858823529,0.831349206,0.62283737,0.840425532,0.792358804,0.945132743
rs1352075,C,11,None,0.643617021,0.492138365,0.658823529,0.183531746,0.503460208,0.372340426,0.413621262,0.795575221
rs2084898,G,11,None,0.803191489,0.844339623,0.876470588,0.984126984,0.870242215,0.930851064,0.918604651,0.967256637
rs2735733,C,11,None,0.478723404,0.54245283,0.370588235,0.342261905,0.570934256,0.531914894,0.571428571,0.698230088
rs3741204,T,11,None,0.75,0.676100629,0.847058824,0.698412698,0.610726644,0.779255319,0.759136213,0.594690265
rs3802954,T,11,None,0.962765957,0.944968553,0.988235294,0.858134921,0.923875433,0.795212766,0.827242525,0.980530973
rs4598682,A,11,None,0.867021277,0.963836478,0.752941176,0.820436508,0.972318339,0.965425532,0.96345515,0.988495575
rs4648317,G,11,None,0.813829787,0.822327044,0.664705882,0.603174603,0.839100346,0.800531915,0.827242525,0.856637168
rs481843,T,11,None,0.106382979,0.078616352,0.170588235,0.101190476,0.121107266,0.10106383,0.109634551,0.07079646
rs514644,T,11,None,0.75,0.784591195,0.623529412,0.586309524,0.847750865,0.587765957,0.568106312,0.32920354
rs638893,G,11,None,0.164893617,0.179245283,0.082352941,0.169642857,0.162629758,0.183510638,0.197674419,0.380530973
rs644242,C,11,None,0.888297872,0.937106918,0.805882353,0.822420635,0.960207612,0.914893617,0.936877076,0.951327434
rs6590474,C,11,None,0.712765957,0.691823899,0.841176471,0.834325397,0.62283737,0.643617021,0.632890365,0.854867257
rs659366,C,11,None,0.622340426,0.649371069,0.523529412,0.579365079,0.602076125,0.590425532,0.65282392,0.539823009
rs662702,C,11,None,0.867021277,0.911949686,0.788235294,0.824404762,0.937716263,0.896276596,0.925249169,0.672566372
rs662799,A,11,None,0.867021277,0.905660377,0.782352941,0.712301587,0.929065744,0.792553191,0.818936877,0.891150442
rs694539,C,11,None,0.845744681,0.836477987,0.794117647,0.649801587,0.78200692,0.728723404,0.699335548,0.760176991
rs7121446,A,11,None,0.180851064,0.257861635,0.058823529,0.058531746,0.226643599,0.268617021,0.235880399,0.384070796
rs7936562,C,11,None,0.489361702,0.577044025,0.523529412,0.524801587,0.562283737,0.505319149,0.506644518,0.623893805
rs7939886,G,11,None,0.89893617,0.908805031,0.876470588,0.875,0.856401384,0.893617021,0.882059801,0.910619469
rs7944926,G,11,None,0.473404255,0.641509434,0.376470588,0.380952381,0.685121107,0.098404255,0.184385382,0.162831858
rs1051375,G,12,None,0.367021277,0.366352201,0.311764706,0.393849206,0.247404844,0.319148936,0.368770764,0.837168142
rs10774625,G,12,None,0.707446809,0.531446541,0.905882353,0.99702381,0.55017301,0.960106383,0.910299003,0.986725664
rs10876920,T,12,None,0.430851064,0.52672956,0.405882353,0.405753968,0.42733564,0.295212766,0.299003322,0.649557522
rs11048585,T,12,None,0.404255319,0.520440252,0.211764706,0.299603175,0.555363322,0.617021277,0.682724252,0.415929204
rs11171846,C,12,None,0.941489362,0.882075472,0.952941176,0.999007937,0.929065744,0.984042553,0.971760797,0.994690265
rs11574079,C,12,None,1,1,1,0.949404762,1,1,1,1
rs1163662,A,12,None,0.675531915,0.775157233,0.511764706,0.641865079,0.87716263,0.571808511,0.649501661,0.245132743
rs1182844,A,12,None,0.361702128,0.308176101,0.335294118,0.371031746,0.247404844,0.579787234,0.521594684,0.302654867
rs12809597,T,12,None,0.776595745,0.688679245,0.905882353,1,0.697231834,0.819148936,0.803986711,0.819469027
rs161976,A,12,None,0.303191489,0.454402516,0.211764706,0.170634921,0.434256055,0.303191489,0.262458472,0.508849558
rs16930692,A,12,None,0.941489362,0.941823899,0.970588235,0.961309524,0.953287197,0.813829787,0.833887043,0.998230088
rs1718119,A,12,None,0.239361702,0.322327044,0.064705882,0.141865079,0.41349481,0.348404255,0.34717608,0.466371681
rs1800693,T,12,None,0.723404255,0.600628931,0.876470588,0.876984127,0.551903114,0.760638298,0.689368771,0.640707965
rs1880030,G,12,None,0.664893617,0.561320755,0.8,0.52281746,0.579584775,0.558510638,0.589700997,0.691150442
rs2239144,A,12,None,0.079787234,0.161949686,0.058823529,0.475198413,0.10899654,0.417553191,0.343853821,0.225663717
rs2393791,C,12,None,0.425531915,0.422955975,0.341176471,0.385912698,0.406574394,0.534574468,0.528239203,0.325663717
rs273777,A,12,None,0.781914894,0.812893082,0.741176471,0.942460317,0.809688581,0.837765957,0.837209302,0.691150442
rs2887571,G,12,None,0.207446809,0.273584906,0.041176471,0.154761905,0.249134948,0.321808511,0.332225914,0.182300885
rs3765108,T,12,None,0.739361702,0.701257862,0.735294118,0.703373016,0.673010381,0.835106383,0.88538206,0.873451327
rs4760790,G,12,None,0.776595745,0.652515723,0.911764706,0.757936508,0.756055363,0.707446809,0.65282392,0.865486726
rs4760854,A,12,None,0.744680851,0.72327044,0.788235294,0.615079365,0.735294118,0.593085106,0.563122924,0.763716814
rs4883543,C,12,None,0.462765957,0.562893082,0.458823529,0.325396825,0.538062284,0.430851064,0.448504983,0.384955752
rs601663,G,12,None,0.436170213,0.287735849,0.294117647,0.932539683,0.278546713,0.643617021,0.57807309,0.875221239
rs6580742,C,12,None,0.882978723,0.833333333,0.935294118,0.999007937,0.844290657,0.933510638,0.898671096,0.992920354
rs7305115,G,12,None,0.468085106,0.575471698,0.441176471,0.449404762,0.577854671,0.587765957,0.526578073,0.6
rs7311174,T,12,None,0.808510638,0.713836478,0.929411765,0.703373016,0.721453287,0.699468085,0.739202658,0.986725664
rs78347057,G,12,None,1,0.998427673,0.994117647,1,1,1,1,0.95840708
rs7973719,C,12,None,0.329787234,0.506289308,0.152941176,0.598214286,0.475778547,0.598404255,0.533222591,0.851327434
rs983492,T,12,None,0.691489362,0.740566038,0.647058824,0.770833333,0.69550173,0.731382979,0.705980066,0.52300885
rs1045411,C,13,None,0.824468085,0.805031447,0.870588235,0.770833333,0.683391003,0.859042553,0.875415282,0.963716814
rs11617740,G,13,None,0.95212766,0.900943396,0.982352941,1,0.94982699,0.978723404,0.948504983,0.994690265
rs12584067,C,13,None,0.89893617,0.988993711,0.905882353,0.899801587,0.991349481,0.957446809,0.986710963,0.866371681
rs1340319,C,13,None,0.5,0.466981132,0.676470588,0.261904762,0.44982699,0.372340426,0.38538206,0.415929204
rs1341402,T,13,None,0.872340426,0.794025157,0.952941176,0.998015873,0.780276817,0.954787234,0.938538206,0.988495575
rs1590305,C,13,None,0.85106383,0.872641509,0.7,0.660714286,0.916955017,0.670212766,0.676079734,0.56460177
rs1755685,C,13,None,0.909574468,0.830188679,0.870588235,0.96031746,0.916955017,0.659574468,0.73255814,0.787610619
rs1801426,A,13,None,0.984042553,0.982704403,0.876470588,0.979166667,0.998269896,0.994680851,1,0.883185841
rs1923834,T,13,None,0.079787234,0.062893082,0.064705882,0.18452381,0.083044983,0.042553191,0.053156146,0.078761062
rs2052383,T,13,None,0.856382979,0.794025157,0.905882353,0.591269841,0.801038062,0.70212766,0.684385382,0.410619469
rs2220327,C,13,None,0.494680851,0.466981132,0.676470588,0.261904762,0.448096886,0.369680851,0.38372093,0.415929204
rs2324851,A,13,None,0.324468085,0.183962264,0.4,0.302579365,0.169550173,0.106382979,0.109634551,0.27079646
rs2582869,A,13,None,0.345744681,0.394654088,0.264705882,0.25297619,0.399653979,0.478723404,0.5,0.654867257
rs3765526,A,13,None,0.436170213,0.523584906,0.441176471,0.531746032,0.453287197,0.64893617,0.744186047,0.76460177
rs3818356,G,13,None,0.654255319,0.767295597,0.476470588,0.637896825,0.78200692,0.659574468,0.659468439,0.847787611
rs494558,T,13,None,0.957446809,0.963836478,0.864705882,0.770833333,0.993079585,0.901595745,0.890365449,0.665486726
rs582504,T,13,None,0.031914894,0.064465409,0.035294118,0.03968254,0.043252595,0.111702128,0.117940199,0.339823009
rs650439,A,13,None,0.877659574,0.855345912,0.841176471,0.608134921,0.884083045,0.792553191,0.797342193,0.705309735
rs7329174,A,13,None,0.957446809,0.987421384,0.823529412,0.75297619,0.972318339,0.885638298,0.875415282,0.933628319
rs735539,A,13,None,0.436170213,0.287735849,0.864705882,0.786706349,0.226643599,0.60106383,0.488372093,0.453982301
rs795659,T,13,None,0.888297872,0.946540881,0.882352941,0.901785714,0.935986159,0.960106383,0.950166113,0.903539823
rs9315632,T,13,None,0.271276596,0.202830189,0.441176471,0.250992063,0.173010381,0.268617021,0.249169435,0.415044248
rs9523848,T,13,None,0.404255319,0.312893082,0.623529412,0.486111111,0.313148789,0.545212766,0.471760797,0.320353982
rs9526569,T,13,None,0.723404255,0.581761006,0.747058824,0.788690476,0.636678201,0.632978723,0.490033223,0.528318584
rs9531520,C,13,None,0.882978723,0.817610063,0.864705882,0.68452381,0.844290657,0.60106383,0.672757475,0.963716814
rs9533425,G,13,None,0.909574468,0.831761006,0.976470588,0.995039683,0.799307958,0.936170213,0.906976744,0.996460177
rs9534578,C,13,None,0.877659574,0.910377358,0.976470588,0.982142857,0.916955017,0.789893617,0.80730897,0.846017699
rs9540488,C,13,None,0.627659574,0.536163522,0.741176471,0.895833333,0.569204152,0.757978723,0.69269103,0.949557522
rs9558571,C,13,None,0.622340426,0.668238994,0.476470588,0.420634921,0.633217993,0.614361702,0.604651163,0.972566372
rs9594759,C,13,None,0.563829787,0.476415094,0.494117647,0.774801587,0.408304498,0.489361702,0.496677741,0.559292035
rs10140457,A,14,None,0.968085106,0.976415094,1,1,0.980968858,0.984042553,0.99833887,0.813274336
rs10220309,C,14,None,0.542553191,0.672955975,0.435294118,0.694444444,0.761245675,0.531914894,0.581395349,0.76460177
rs10140457,A,14,None,0.968085106,0.976415094,1,1,0.980968858,0.984042553,0.99833887,0.813274336
rs10220309,C,14,None,0.542553191,0.672955975,0.435294118,0.694444444,0.761245675,0.531914894,0.581395349,0.76460177
rs10498635,C,14,None,0.914893617,0.77672956,0.976470588,0.998015873,0.844290657,0.85106383,0.877076412,0.938053097
rs11624704,A,14,None,0.89893617,0.860062893,0.911764706,0.932539683,0.880622837,0.848404255,0.853820598,0.877876106
rs11627056,G,14,None,0.675531915,0.625786164,0.817647059,0.947420635,0.589965398,0.867021277,0.792358804,0.963716814
rs11845208,G,14,None,0.005319149,0.001572327,0,0,0,0,0,0.065486726
rs11845632,A,14,None,0.446808511,0.437106918,0.329411765,0.416666667,0.401384083,0.598404255,0.564784053,0.919469027
rs12434438,G,14,None,0.281914894,0.330188679,0.105882353,0.224206349,0.174740484,0.361702128,0.355481728,0.859292035
rs12435920,A,14,None,0.388297872,0.504716981,0.258823529,0.032738095,0.510380623,0.25,0.292358804,0.701769912
rs1265879,G,14,None,0.79787234,0.79245283,0.917647059,0.902777778,0.85467128,0.85106383,0.880398671,0.328318584
rs17111394,T,14,None,0.882978723,0.864779874,0.964705882,0.868055556,0.833910035,0.909574468,0.901993355,0.96460177
rs1713449,T,14,None,0.308510638,0.254716981,0.476470588,0.305555556,0.219723183,0.260638298,0.209302326,0.46460177
rs1741439,C,14,None,0.994680851,0.998427673,1,1,1,1,1,0.92300885
rs194749,C,14,None,0.313829787,0.196540881,0.282352941,0.181547619,0.25432526,0.329787234,0.320598007,0.223893805
rs1956388,A,14,None,0.489361702,0.462264151,0.558823529,0.481150794,0.44982699,0.67287234,0.629568106,0.532743363
rs2236316,G,14,None,0.723404255,0.698113208,0.758823529,0.838293651,0.749134948,0.776595745,0.750830565,0.936283186
rs225848,A,14,None,0.89893617,0.941823899,0.982352941,0.975198413,0.916955017,0.970744681,0.973421927,0.882300885
rs229811,G,14,None,0.978723404,0.937106918,0.976470588,0.999007937,0.951557093,0.97606383,0.965116279,0.999115044
rs2301113,C,14,None,0.281914894,0.323899371,0.129411765,0.344246032,0.186851211,0.390957447,0.372093023,0.924778761
rs2681735,A,14,None,0.595744681,0.600628931,0.517647059,0.70734127,0.612456747,0.436170213,0.441860465,0.438938053
rs2761884,G,14,None,0.5,0.636792453,0.482352941,0.535714286,0.564013841,0.678191489,0.657807309,0.92300885
rs3020449,G,14,None,0.510638298,0.463836478,0.458823529,0.287698413,0.435986159,0.420212766,0.401993355,0.850442478
rs3748316,G,14,None,0.707446809,0.814465409,0.541176471,0.972222222,0.795847751,0.805851064,0.810631229,0.92300885
rs7143164,G,14,None,0.813829787,0.836477987,0.923529412,0.826388889,0.915224913,0.739361702,0.774086379,0.391150442
rs7144649,G,14,None,0.367021277,0.248427673,0.394117647,0.278769841,0.209342561,0.361702128,0.408637874,0.915044248
rs7147705,T,14,None,0.324468085,0.374213836,0.182352941,0.41468254,0.249134948,0.593085106,0.511627907,0.83539823
rs8004664,G,14,None,0.691489362,0.490566038,0.829411765,0.858134921,0.399653979,0.619680851,0.591362126,0.85840708
rs8005161,C,14,None,0.808510638,0.897798742,0.829411765,0.793650794,0.887543253,0.659574468,0.734219269,0.572566372
rs8008319,A,14,None,0.861702128,0.833333333,0.888235294,0.782738095,0.806228374,0.747340426,0.784053156,0.82920354
rs8017455,T,14,None,0.893617021,0.877358491,0.823529412,0.691468254,0.846020761,0.867021277,0.892026578,0.687610619
rs1017412,A,15,None,0.617021277,0.658805031,0.694117647,0.665674603,0.724913495,0.587765957,0.554817276,0.536283186
rs117160567,A,15,None,1,0.987421384,0.994117647,1,0.975778547,0.957446809,0.950166113,1
rs16949516,T,15,None,0.930851064,0.899371069,0.964705882,0.950396825,0.967128028,0.906914894,0.96013289,0.557522124
rs16973487,T,15,None,0.920212766,0.908805031,0.976470588,0.887896825,0.906574394,0.877659574,0.863787375,0.783185841
rs1800414,T,15,None,1,1,1,0.403769841,1,0.997340426,0.995016611,1
rs1823874,C,15,None,0.319148936,0.386792453,0.441176471,0.238095238,0.396193772,0.271276596,0.305647841,0.507964602
rs2069521,A,15,None,0.026595745,0.011006289,0.029411765,0.081349206,0.025951557,0.050531915,0.079734219,0.114159292
rs2127015,C,15,None,0.457446809,0.422955975,0.388235294,0.472222222,0.55017301,0.444148936,0.465116279,0.307964602
rs2169830,C,15,None,0.271276596,0.342767296,0.129411765,0.310515873,0.266435986,0.29787234,0.265780731,0.811504425
rs2412546,G,15,None,0.409574468,0.514150943,0.241176471,0.244047619,0.480968858,0.35106383,0.360465116,0.646902655
rs2453533,A,15,None,0.574468085,0.449685535,0.841176471,0.898809524,0.396193772,0.699468085,0.594684385,0.925663717
rs2562784,A,15,None,0.64893617,0.710691824,0.582352941,0.652777778,0.742214533,0.662234043,0.702657807,0.607079646
rs25651,T,15,None,0.260638298,0.303459119,0.188235294,0.233134921,0.294117647,0.321808511,0.398671096,0.507964602
rs2636061,A,15,None,0.021276596,0.011006289,0.017647059,0,0,0.007978723,0.00166113,0.252212389
rs3087454,C,15,None,0.505319149,0.378930818,0.664705882,0.805555556,0.237024221,0.27393617,0.305647841,0.763716814
rs36035742,C,15,None,0.984042553,0.985849057,0.976470588,0.689484127,0.944636678,0.859042553,0.898671096,0.999115044
rs4265781,A,15,None,0.223404255,0.257861635,0.117647059,0.253968254,0.214532872,0.393617021,0.451827243,0.962831858
rs4304977,A,15,None,0.60106383,0.52672956,0.464705882,0.487103175,0.441176471,0.542553191,0.541528239,0.736283186
rs4774518,T,15,None,0.021276596,0.007861635,0.111764706,0.041666667,0.008650519,0.002659574,0.004983389,0.005309735
rs4775602,A,15,None,0.872340426,0.820754717,0.941176471,0.572420635,0.835640138,0.667553191,0.647840532,0.517699115
rs4924410,C,15,None,0.85106383,0.787735849,0.917647059,0.983134921,0.707612457,0.792553191,0.774086379,0.661061947
rs6495785,A,15,None,0.239361702,0.286163522,0.129411765,0.238095238,0.216262976,0.17287234,0.157807309,0.373451327
rs7179432,T,15,None,0.494680851,0.525157233,0.447058824,0.087301587,0.524221453,0.377659574,0.400332226,0.668141593
rs749292,A,15,None,0.356382979,0.389937107,0.229411765,0.493055556,0.411764706,0.289893617,0.327242525,0.502654867
rs782917,G,15,None,0.824468085,0.761006289,0.941176471,0.763888889,0.707612457,0.630319149,0.641196013,0.647787611
rs8028366,T,15,None,0.20212766,0.191823899,0.152941176,0.293650794,0.192041522,0.063829787,0.049833887,0.338053097
rs8179184,C,15,None,0.728723404,0.855345912,0.470588235,0.693452381,0.828719723,0.755319149,0.744186047,0.994690265
rs8192482,C,15,None,0.654255319,0.644654088,0.935294118,0.973214286,0.676470588,0.837765957,0.805647841,0.986725664
rs884202,G,15,None,0.515957447,0.400943396,0.829411765,0.619047619,0.325259516,0.454787234,0.470099668,0.430088496
rs933769,T,15,None,0.765957447,0.833333333,0.794117647,0.649801587,0.816608997,0.622340426,0.634551495,0.912389381
rs10445033,A,16,None,0.537234043,0.635220126,0.476470588,0.630952381,0.598615917,0.614361702,0.662790698,0.22920354
rs1049255,C,16,None,0.484042553,0.481132075,0.505882353,0.563492063,0.519031142,0.47606383,0.480066445,0.586725664
rs1053874,A,16,None,0.303191489,0.314465409,0.323529412,0.428571429,0.320069204,0.396276596,0.443521595,0.819469027
rs11074932,C,16,None,0.430851064,0.31918239,0.835294118,0.882936508,0.285467128,0.438829787,0.430232558,0.248672566
rs11075995,T,16,None,0.744680851,0.779874214,0.611764706,0.677579365,0.76816609,0.800531915,0.803986711,0.849557522
rs1299926,A,16,None,0.925531915,0.910377358,0.923529412,0.989087302,0.956747405,0.970744681,0.968438538,0.615929204
rs13306296,G,16,None,0.654255319,0.724842767,0.7,0.830357143,0.610726644,0.89893617,0.898671096,0.810619469
rs13331086,G,16,None,0.138297872,0.218553459,0.052941176,0.058531746,0.240484429,0.034574468,0.073089701,0.208849558
rs13332653,T,16,None,0.909574468,0.827044025,0.958823529,0.923611111,0.865051903,0.856382979,0.838870432,0.926548673
rs1394678,T,16,None,0.303191489,0.246855346,0.241176471,0.775793651,0.285467128,0.470744681,0.456810631,0.677876106
rs1420318,A,16,None,0.159574468,0.190251572,0.176470588,0.171626984,0.131487889,0.359042553,0.350498339,0.580530973
rs1421084,G,16,None,0.058510638,0.070754717,0.041176471,0.138888889,0.024221453,0.085106383,0.064784053,0.330973451
rs16260,C,16,None,0.686170213,0.715408805,0.811764706,0.692460317,0.738754325,0.75,0.742524917,0.872566372
rs16971384,G,16,None,0.255319149,0.283018868,0.205882353,0.390873016,0.285467128,0.332446809,0.387043189,0.487610619
rs17513769,T,16,None,0.813829787,0.847484277,0.894117647,0.915674603,0.830449827,0.882978723,0.910299003,0.571681416
rs2001970,T,16,None,0.60106383,0.496855346,0.623529412,0.338293651,0.5,0.353723404,0.388704319,0.594690265
rs2228478,A,16,None,0.930851064,0.891509434,0.964705882,0.70734127,0.910034602,0.792553191,0.785714286,0.509734513
rs243842,T,16,None,0.813829787,0.658805031,0.782352941,0.717261905,0.605536332,0.627659574,0.573089701,0.669026549
rs33935154,G,16,None,0.994680851,0.996855346,0.994117647,1,1,1,1,0.948672566
rs4782151,C,16,None,0.569148936,0.592767296,0.635294118,0.579365079,0.624567474,0.579787234,0.61627907,0.394690265
rs4787008,G,16,None,0.888297872,0.794025157,0.964705882,0.999007937,0.821799308,0.928191489,0.92192691,0.990265487
rs4788084,C,16,None,0.569148936,0.679245283,0.205882353,0.714285714,0.617647059,0.829787234,0.745847176,0.789380531
rs6498169,G,16,None,0.5,0.339622642,0.735294118,0.560515873,0.399653979,0.204787234,0.219269103,0.219469027
rs7193144,C,16,None,0.329787234,0.396226415,0.082352941,0.172619048,0.410034602,0.319148936,0.272425249,0.40619469
rs7206912,G,16,None,0.505319149,0.375786164,0.741176471,0.557539683,0.437716263,0.260638298,0.257475083,0.386725664
rs8050187,C,16,None,0.367021277,0.268867925,0.382352941,0.485119048,0.257785467,0.470744681,0.451827243,0.416814159
rs92397,G,16,None,0.510638298,0.441823899,0.647058824,0.646825397,0.472318339,0.518617021,0.57807309,0.849557522
rs987052,T,16,None,0.670212766,0.806603774,0.494117647,0.466269841,0.794117647,0.752659574,0.745847176,0.716814159
rs9923451,A,16,None,0.037234043,0.031446541,0.011764706,0.048611111,0.01384083,0.015957447,0.009966777,0.266371681
rs1024610,A,17,None,0.856382979,0.787735849,0.982352941,0.927579365,0.820069204,0.909574468,0.893687708,0.946902655
rs1052536,C,17,None,0.611702128,0.625786164,0.629411765,0.69047619,0.487889273,0.654255319,0.639534884,0.89380531
rs1056534,G,17,None,0.654255319,0.619496855,0.752941176,0.651785714,0.612456747,0.664893617,0.674418605,0.679646018
rs11078634,T,17,None,0.728723404,0.73427673,0.458823529,0.595238095,0.676470588,0.627659574,0.609634551,0.889380531
rs11650680,C,17,None,0.867021277,0.812893082,0.747058824,0.774801587,0.749134948,0.776595745,0.830564784,0.991150442
rs1295925,T,17,None,0.345744681,0.338050314,0.276470588,0.56547619,0.271626298,0.446808511,0.468438538,0.667256637
rs16945628,T,17,None,0.404255319,0.339622642,0.641176471,0.389880952,0.330449827,0.449468085,0.466777409,0.582300885
rs180133,A,17,None,0.356382979,0.290880503,0.176470588,0.054563492,0.325259516,0.170212766,0.202657807,0.36460177
rs1889018,G,17,None,0.563829787,0.48427673,0.729411765,0.930555556,0.384083045,0.787234043,0.752491694,0.901769912
rs1979276,A,17,None,0.292553191,0.312893082,0.252941176,0.068452381,0.34083045,0.167553191,0.149501661,0.657522124
rs2054847,G,17,None,0.563829787,0.566037736,0.317647059,0.180555556,0.607266436,0.484042553,0.49833887,0.956637168
rs2290400,C,17,None,0.367021277,0.498427673,0.329411765,0.293650794,0.517301038,0.375,0.380398671,0.481415929
rs2740349,T,17,None,0.840425532,0.86163522,0.782352941,0.889880952,0.830449827,0.89893617,0.873754153,0.97699115
rs2740351,G,17,None,0.436170213,0.378930818,0.294117647,0.276785714,0.432525952,0.364361702,0.365448505,0.100884956
rs3027172,A,17,None,0.85106383,0.781446541,0.958823529,0.970238095,0.797577855,0.904255319,0.900332226,0.936283186
rs3192453,C,17,None,0.893617021,0.911949686,0.8,0.866071429,0.922145329,0.946808511,0.943521595,0.796460177
rs3764383,T,17,None,0.808510638,0.748427673,0.835294118,0.751984127,0.728373702,0.744680851,0.727574751,0.898230088
rs4605213,C,17,None,0.377659574,0.375786164,0.2,0.225198413,0.349480969,0.218085106,0.189368771,0.937168142
rs4790904,T,17,None,0.739361702,0.715408805,0.764705882,0.583333333,0.749134948,0.720744681,0.712624585,0.52300885
rs4792938,C,17,None,0.446808511,0.369496855,0.576470588,0.924603175,0.39100346,0.686170213,0.598006645,0.647787611
rs4794665,A,17,None,0.372340426,0.432389937,0.111764706,0.195436508,0.508650519,0.526595745,0.548172757,0.687610619
rs59403466,T,17,None,0.989361702,0.959119497,1,0.995039683,0.984429066,0.984042553,0.96179402,0.931858407
rs6504218,G,17,None,0.664893617,0.605345912,0.705882353,0.685515873,0.560553633,0.603723404,0.598006645,0.553097345
rs6504663,G,17,None,0.308510638,0.289308176,0.235294118,0.096230159,0.221453287,0.167553191,0.217607973,0.730088496
rs6919,A,17,None,0.696808511,0.594339623,0.723529412,0.555555556,0.621107266,0.752659574,0.759136213,0.956637168
rs712270,A,17,None,0.728723404,0.661949686,0.7,0.929563492,0.581314879,0.821808511,0.833887043,0.82920354
rs7211777,G,17,None,0.319148936,0.352201258,0.164705882,0.39781746,0.37716263,0.537234043,0.450166113,0.87699115
rs7215373,C,17,None,0.542553191,0.52672956,0.541176471,0.469246032,0.470588235,0.513297872,0.496677741,0.815044248
rs799917,A,17,None,0.515957447,0.380503145,0.4,0.371031746,0.349480969,0.545212766,0.519933555,0.892920354
rs8070231,G,17,None,0.303191489,0.119496855,0.6,0.321428571,0.069204152,0.175531915,0.131229236,0.508849558
rs11663697,G,18,None,1,0.979559748,0.994117647,1,0.96366782,0.981382979,0.976744186,1
rs11873284,G,18,None,0.239361702,0.089622642,0.229411765,0.08531746,0.031141869,0.037234043,0.023255814,0.543362832
rs12456021,G,18,None,0.813829787,0.81918239,0.664705882,0.685515873,0.773356401,0.744680851,0.739202658,0.975221239
rs12456774,G,18,None,0.813829787,0.836477987,0.770588235,0.688492063,0.851211073,0.72606383,0.759136213,0.792035398
rs1344011,C,18,None,0.79787234,0.745283019,0.935294118,0.696428571,0.785467128,0.771276596,0.782392027,0.991150442
rs17086172,T,18,None,0.968085106,0.955974843,0.964705882,0.902777778,0.916955017,0.941489362,0.945182724,0.938938053
rs17088439,T,18,None,0.941489362,0.938679245,0.9,0.846230159,0.968858131,0.893617021,0.903654485,0.805309735
rs17594526,C,18,None,0.914893617,0.968553459,0.982352941,1,0.970588235,1,1,0.82300885
rs1789139,A,18,None,0.095744681,0.122641509,0.058823529,0.090277778,0.110726644,0.071808511,0.081395349,0.152212389
rs1792658,A,18,None,0.654255319,0.748427673,0.435294118,0.530753968,0.801038062,0.590425532,0.598006645,0.749557522
rs1840440,T,18,None,0.446808511,0.419811321,0.329411765,0.523809524,0.342560554,0.25,0.26744186,0.82300885
rs1978503,G,18,None,0.111702128,0.204402516,0.052941176,0.155753968,0.173010381,0.103723404,0.099667774,0.180530973
rs2298574,A,18,None,0.989361702,0.933962264,0.976470588,0.953373016,0.894463668,0.880319149,0.918604651,0.963716814
rs2576037,T,18,None,0.574468085,0.427672956,0.705882353,0.481150794,0.380622837,0.489361702,0.496677741,0.35840708
rs264272,G,18,None,0.489361702,0.451257862,0.4,0.399801587,0.527681661,0.359042553,0.372093023,0.433628319
rs4131805,T,18,None,0.781914894,0.770440252,0.852941176,0.831349206,0.775086505,0.829787234,0.772425249,0.310619469
rs4369779,C,18,None,0.659574468,0.789308176,0.447058824,0.861111111,0.766435986,0.840425532,0.837209302,0.808849558
rs4801131,C,18,None,0.622340426,0.622641509,0.547058824,0.401785714,0.602076125,0.723404255,0.715946844,0.680530973
rs4987853,C,18,None,0.191489362,0.272012579,0.076470588,0,0.178200692,0.109042553,0.174418605,0.385840708
rs549476,A,18,None,0.617021277,0.492138365,0.8,0.771825397,0.576124567,0.694148936,0.707641196,0.537168142
rs608781,T,18,None,0.845744681,0.894654088,0.941176471,0.905753968,0.937716263,0.904255319,0.928571429,0.621238938
rs6567160,T,18,None,0.872340426,0.762578616,0.923529412,0.817460317,0.78200692,0.710106383,0.664451827,0.781415929
rs674210,T,18,None,0.771276596,0.635220126,0.9,0.649801587,0.605536332,0.803191489,0.784053156,0.807079646
rs7236090,T,18,None,0.579787234,0.449685535,0.776470588,0.584325397,0.480968858,0.494680851,0.431893688,0.919469027
rs723744,G,18,None,0.632978723,0.59591195,0.782352941,0.66765873,0.707612457,0.638297872,0.624584718,0.511504425
rs8083786,G,18,None,0.138297872,0.146226415,0.094117647,0.295634921,0.143598616,0.170212766,0.151162791,0.57699115
rs8088832,T,18,None,0.425531915,0.504716981,0.411764706,0.444444444,0.498269896,0.345744681,0.327242525,0.708849558
rs8093763,G,18,None,0.79787234,0.775157233,0.864705882,0.754960317,0.711072664,0.595744681,0.617940199,0.601769912
rs9960767,A,18,None,0.904255319,0.938679245,0.976470588,0.99702381,0.948096886,0.712765957,0.759136213,0.738938053
rs9966765,G,18,None,0.829787234,0.773584906,0.864705882,0.83234127,0.730103806,0.675531915,0.629568106,0.769911504
rs10415949,G,19,None,0.345744681,0.29245283,0.5,0.404761905,0.280276817,0.340425532,0.355481728,0.492035398
rs10419538,C,19,None,0.882978723,0.864779874,0.735294118,0.81547619,0.865051903,0.968085106,0.970099668,0.963716814
rs10420321,A,19,None,0.835106383,0.907232704,0.741176471,0.631944444,0.942906574,0.763297872,0.765780731,0.82920354
rs1058587,C,19,None,0.803191489,0.767295597,0.905882353,0.748015873,0.752595156,0.646276596,0.65282392,0.851327434
rs1077667,C,19,None,0.70212766,0.811320755,0.788235294,0.716269841,0.749134948,0.843085106,0.892026578,0.901769912
rs11668505,G,19,None,0.319148936,0.367924528,0.2,0.104166667,0.378892734,0.234042553,0.290697674,0.091150442
rs1172822,C,19,None,0.558510638,0.613207547,0.652941176,0.901785714,0.652249135,0.494680851,0.511627907,0.739823009
rs11880923,C,19,None,0.356382979,0.375786164,0.4,0.194444444,0.294117647,0.502659574,0.490033223,0.717699115
rs12150889,G,19,None,0.276595745,0.309748428,0.082352941,0.303571429,0.39100346,0.204787234,0.194352159,0.391150442
rs12608932,A,19,None,0.680851064,0.702830189,0.670588235,0.303571429,0.624567474,0.52393617,0.511627907,0.679646018
rs12609479,A,19,None,0.718085106,0.735849057,0.729411765,0.381944444,0.775086505,0.502659574,0.491694352,0.257522124
rs12978500,C,19,None,0.244680851,0.320754717,0.117647059,0.197420635,0.285467128,0.244680851,0.23089701,0.43539823
rs12979860,T,19,None,0.414893617,0.352201258,0.376470588,0.080357143,0.28200692,0.22606383,0.237541528,0.661946903
rs12980602,C,19,None,0.345744681,0.273584906,0.458823529,0.125,0.230103806,0.25,0.294019934,0.285840708
rs17692896,G,19,None,0.95212766,0.962264151,0.982352941,0.998015873,0.91349481,0.978723404,0.945182724,0.999115044
rs1800470,G,19,None,0.489361702,0.463836478,0.594117647,0.554563492,0.326989619,0.428191489,0.456810631,0.415044248
rs2301600,C,19,None,0.659574468,0.770440252,0.370588235,0.577380952,0.752595156,0.598404255,0.604651163,0.900884956
rs2604894,A,19,None,0.382978723,0.448113208,0.129411765,0.311507937,0.441176471,0.507978723,0.566445183,0.519469027
rs3093200,G,19,None,0.95212766,0.949685535,0.988235294,1,0.935986159,0.989361702,0.970099668,0.846902655
rs351974,C,19,None,0.478723404,0.336477987,0.611764706,0.074404762,0.299307958,0.409574468,0.483388704,0.692920354
rs3745516,G,19,None,0.638297872,0.676100629,0.670588235,0.214285714,0.814878893,0.593085106,0.606312292,0.251327434
rs3764650,T,19,None,0.914893617,0.875786164,0.964705882,0.674603175,0.908304498,0.808510638,0.865448505,0.721238938
rs3810287,G,19,None,0.89893617,0.927672956,0.888235294,0.947420635,0.956747405,0.954787234,0.978405316,0.99380531
rs3826656,A,19,None,0.755319149,0.786163522,0.829411765,0.31547619,0.795847751,0.425531915,0.440199336,0.828318584
rs7248637,A,19,None,0.122340426,0.091194969,0.070588235,0.31547619,0.133217993,0.186170213,0.159468439,0.37699115
rs7257932,A,19,None,0.356382979,0.312893082,0.305882353,0.217261905,0.347750865,0.438829787,0.413621262,0.754867257
rs775840,T,19,None,0.813829787,0.753144654,0.841176471,0.76984127,0.73183391,0.805851064,0.795681063,0.723893805
rs8100891,C,19,None,0.611702128,0.693396226,0.282352941,0.856150794,0.685121107,0.619680851,0.65282392,0.497345133
rs8192719,C,19,None,0.632978723,0.710691824,0.547058824,0.783730159,0.773356401,0.614361702,0.621262458,0.625663717
rs1074683,C,20,None,0.70212766,0.786163522,0.541176471,0.755952381,0.737024221,0.837765957,0.848837209,0.763716814
rs116896199,A,20,None,0.95212766,0.996855346,0.876470588,0.941468254,0.984429066,0.997340426,1,0.999115044
rs13037749,A,20,None,0.957446809,0.943396226,0.982352941,0.998015873,0.944636678,0.914893617,0.872093023,1
rs17857295,C,20,None,0.744680851,0.705974843,0.635294118,0.439484127,0.742214533,0.704787234,0.679401993,0.924778761
rs1885120,G,20,None,0.978723404,0.979559748,0.988235294,1,0.948096886,0.992021277,0.988372093,0.998230088
rs2179706,T,20,None,0.425531915,0.426100629,0.505882353,0.656746032,0.46366782,0.441489362,0.410299003,0.360176991
rs2236164,C,20,None,0.260638298,0.330188679,0.182352941,0.268849206,0.19550173,0.486702128,0.533222591,0.603539823
rs2236196,G,20,None,0.271276596,0.358490566,0.117647059,0.116071429,0.233564014,0.444148936,0.416943522,0.720353982
rs2282018,C,20,None,0.388297872,0.393081761,0.082352941,0.370039683,0.371972318,0.284574468,0.323920266,0.608849558
rs3176123,T,20,None,0.877659574,0.833333333,0.852941176,0.6875,0.780276817,0.811170213,0.795681063,0.980530973
rs3213180,G,20,None,0.957446809,0.955974843,0.894117647,0.670634921,0.911764706,0.875,0.858803987,0.981415929
rs34043203,G,20,None,0.867021277,0.842767296,0.876470588,0.85515873,0.842560554,0.861702128,0.892026578,0.97699115
rs3746544,T,20,None,0.734042553,0.674528302,0.8,0.755952381,0.640138408,0.723404255,0.737541528,0.728318584
rs4809847,G,20,None,0.930851064,0.913522013,0.717647059,0.949404762,0.89100346,0.859042553,0.842192691,0.984070796
rs4811528,A,20,None,0.638297872,0.745283019,0.594117647,0.652777778,0.726643599,0.606382979,0.662790698,0.667256637
rs4812712,A,20,None,0.335106383,0.227987421,0.5,0.138888889,0.228373702,0.265957447,0.280730897,0.686725664
rs5602,G,20,None,0.654255319,0.603773585,0.458823529,0.365079365,0.482698962,0.585106383,0.524916944,0.977876106
rs6066835,C,20,None,0.154255319,0.102201258,0.170588235,0.171626984,0.07266436,0.234042553,0.204318937,0.098230088
rs6084875,A,20,None,0.425531915,0.353773585,0.576470588,0.425595238,0.420415225,0.332446809,0.285714286,0.352212389
rs6102085,A,20,None,0.654255319,0.621069182,0.535294118,0.472222222,0.619377163,0.545212766,0.57807309,0.761946903
rs6118083,A,20,None,0.813829787,0.746855346,0.829411765,0.853174603,0.792387543,0.867021277,0.870431894,0.900884956
rs6124684,C,20,None,0.771276596,0.748427673,0.941176471,0.833333333,0.712802768,0.864361702,0.863787375,0.994690265
rs6127984,A,20,None,0.372340426,0.400943396,0.423529412,0.231150794,0.401384083,0.401595745,0.388704319,0.4
rs6136489,G,20,None,0.425531915,0.394654088,0.441176471,0.750992063,0.325259516,0.67287234,0.594684385,0.745132743
rs61734651,C,20,None,0.957446809,0.965408805,0.988235294,1,0.918685121,0.970744681,0.981727575,0.997345133
rs755662,T,20,None,0.468085106,0.602201258,0.258823529,0.62202381,0.555363322,0.569148936,0.543189369,0.485840708
rs819171,C,20,None,0.122340426,0.163522013,0.017647059,0.212301587,0.091695502,0.188829787,0.149501661,0.67699115
rs926391,G,20,None,0.574468085,0.471698113,0.741176471,0.543650794,0.465397924,0.54787234,0.544850498,0.746017699
rs967417,G,20,None,0.515957447,0.589622642,0.270588235,0.16765873,0.531141869,0.630319149,0.681063123,0.862831858
rs1041740,C,21,None,0.718085106,0.643081761,0.676470588,0.692460317,0.742214533,0.686170213,0.681063123,0.949557522
rs1051169,C,21,None,0.324468085,0.375786164,0.088235294,0.422619048,0.342560554,0.375,0.357142857,0.63539823
rs12140,T,21,None,0.909574468,0.926100629,0.982352941,1,0.918685121,0.989361702,0.988372093,0.889380531
rs1556314,G,21,None,0.20212766,0.177672956,0.241176471,0.156746032,0.186851211,0.143617021,0.139534884,0.305309735
rs2010795,G,21,None,0.675531915,0.627358491,0.576470588,0.529761905,0.676470588,0.659574468,0.686046512,0.700884956
rs2014300,A,21,None,0.186170213,0.209119497,0.411764706,0.120039683,0.136678201,0.119680851,0.107973422,0.554867257
rs2070788,G,21,None,0.430851064,0.460691824,0.641176471,0.356150794,0.461937716,0.441489362,0.481727575,0.265486726
rs219778,A,21,None,0.718085106,0.738993711,0.788235294,0.994047619,0.759515571,0.875,0.858803987,0.462831858
rs2230528,C,21,None,0.728723404,0.767295597,0.764705882,0.839285714,0.790657439,0.699468085,0.676079734,0.814159292
rs2284552,G,21,None,0.739361702,0.743710692,0.441176471,0.46031746,0.773356401,0.635638298,0.687707641,0.857522124
rs234709,T,21,None,0.340425532,0.424528302,0.105882353,0.137896825,0.408304498,0.348404255,0.358803987,0.895575221
rs2823286,A,21,None,0.244680851,0.29245283,0.282352941,0.146825397,0.283737024,0.183510638,0.194352159,0.274336283
rs2823743,T,21,None,0.686170213,0.800314465,0.7,0.528769841,0.858131488,0.82712766,0.825581395,0.420353982
rs2823779,G,21,None,0.218085106,0.086477987,0.435294118,0.556547619,0.110726644,0.295212766,0.250830565,0.215929204
rs2824499,C,21,None,0.819148936,0.811320755,0.682352941,0.612103175,0.806228374,0.795212766,0.803986711,0.79380531
rs2833556,A,21,None,0.186170213,0.191823899,0.282352941,0.320436508,0.216262976,0.518617021,0.509966777,0.615929204
rs2835931,C,21,None,0.803191489,0.735849057,0.735294118,0.49702381,0.775086505,0.656914894,0.641196013,0.713274336
rs2837241,T,21,None,0.085106383,0.130503145,0.076470588,0.112103175,0.112456747,0.07712766,0.109634551,0.138938053
rs2839627,C,21,None,0.882978723,0.877358491,0.970588235,0.840277778,0.901384083,0.875,0.916943522,0.718584071
rs34758144,G,21,None,0.914893617,0.90408805,0.970588235,0.994047619,0.941176471,0.95212766,0.928571429,0.965486726
rs457352,C,21,None,0.845744681,0.883647799,0.835294118,0.650793651,0.906574394,0.635638298,0.682724252,0.966371681
rs467691,G,21,None,0.792553191,0.896226415,0.588235294,0.465277778,0.859861592,0.803191489,0.757475083,0.980530973
rs4819388,C,21,None,0.760638298,0.646226415,0.8,0.577380952,0.737024221,0.72606383,0.757475083,0.819469027
rs580140,A,21,None,0.75,0.715408805,0.952941176,0.883928571,0.75432526,0.696808511,0.679401993,0.620353982
rs726002,G,21,None,0.989361702,0.981132075,0.982352941,1,0.979238754,0.97606383,0.955149502,0.865486726
rs7499,G,21,None,0.531914894,0.575471698,0.617647059,0.413690476,0.62283737,0.539893617,0.569767442,0.534513274
rs8134378,G,21,None,0.89893617,0.893081761,0.994117647,0.999007937,0.897923875,0.941489362,0.910299003,0.822123894
rs878081,C,21,None,0.75,0.797169811,0.829411765,0.899801587,0.724913495,0.813829787,0.857142857,0.989380531
rs9974610,A,21,None,0.861702128,0.820754717,0.988235294,0.984126984,0.837370242,0.909574468,0.877076412,0.954867257
rs1001021,G,22,None,0.792553191,0.937106918,0.723529412,0.790674603,0.935986159,0.912234043,0.903654485,0.997345133
rs10433310,A,22,None,0.382978723,0.352201258,0.341176471,0.408730159,0.337370242,0.242021277,0.227574751,0.307079646
rs10453441,A,22,None,0.638297872,0.588050314,0.458823529,0.30952381,0.593425606,0.510638298,0.504983389,0.667256637
rs11089328,G,22,None,0.468085106,0.408805031,0.705882353,0.689484127,0.41349481,0.585106383,0.509966777,0.297345133
rs11704416,G,22,None,0.882978723,0.83490566,0.929411765,0.978174603,0.780276817,0.691489362,0.687707641,0.69380531
rs131794,A,22,None,0.228723404,0.218553459,0.070588235,0.03968254,0.212802768,0.085106383,0.083056478,0.29380531
rs132985,T,22,None,0.54787234,0.52672956,0.376470588,0.379960317,0.42733564,0.662234043,0.666112957,0.646017699
rs16982515,C,22,None,0.930851064,0.88836478,0.935294118,0.93452381,0.89100346,0.840425532,0.880398671,0.852212389
rs17001868,A,22,None,0.696808511,0.889937107,0.258823529,0.790674603,0.849480969,0.896276596,0.898671096,0.99380531
rs175162,G,22,None,0.164893617,0.278301887,0.217647059,0.174603175,0.275086505,0.337765957,0.284053156,0.262831858
rs2032487,C,22,None,0.090425532,0.091194969,0.029411765,0.000992063,0.041522491,0.018617021,0.011627907,0.746017699
rs2236625,C,22,None,0.994680851,0.998427673,1,0.911706349,0.998269896,0.867021277,0.828903654,0.992920354
rs2239815,C,22,None,0.377659574,0.308176101,0.341176471,0.652777778,0.295847751,0.60106383,0.544850498,0.743362832
rs2284033,G,22,None,0.515957447,0.606918239,0.558823529,0.443452381,0.557093426,0.598404255,0.589700997,0.647787611
rs2284038,A,22,None,0.632978723,0.628930818,0.747058824,0.654761905,0.610726644,0.664893617,0.639534884,0.449557522
rs28372448,A,22,None,0.058510638,0.064465409,0.011764706,0.132936508,0.067474048,0.050531915,0.073089701,0.085840708
rs2857461,T,22,None,0.968085106,0.974842767,0.988235294,0.987103175,0.968858131,0.949468085,0.96179402,0.978761062
rs3091367,C,22,None,0.734042553,0.666666667,0.529411765,0.886904762,0.764705882,0.837765957,0.777408638,0.643362832
rs4035540,C,22,None,0.79787234,0.756289308,0.864705882,0.776785714,0.716262976,0.885638298,0.825581395,0.767256637
rs4633,C,22,None,0.632978723,0.558176101,0.647058824,0.73015873,0.472318339,0.595744681,0.529900332,0.712389381
rs4822492,C,22,None,0.489361702,0.446540881,0.547058824,0.529761905,0.404844291,0.707446809,0.69269103,0.789380531
rs5751901,T,22,None,0.521276596,0.605345912,0.611764706,0.629960317,0.647058824,0.736702128,0.775747508,0.571681416
rs5756931,T,22,None,0.531914894,0.599056604,0.7,0.875992063,0.631487889,0.542553191,0.526578073,0.930088496
rs5768709,G,22,None,0.29787234,0.352201258,0.152941176,0.226190476,0.410034602,0.319148936,0.343853821,0.310619469
rs6005807,C,22,None,0.914893617,0.935534591,0.947058824,0.89781746,0.884083045,0.864361702,0.905315615,0.840707965
rs60910145,T,22,None,1,0.990566038,1,1,1,1,1,0.740707965
rs7290117,C,22,None,0.984042553,0.979559748,0.970588235,0.950396825,0.996539792,0.981382979,0.966777409,0.788495575
rs734809,C,22,None,0.877659574,0.866352201,0.970588235,1,0.847750865,0.95212766,0.941860465,0.992035398
rs9615362,A,22,None,0.111702128,0.141509434,0.047058824,0.010912698,0.079584775,0.082446809,0.084717608,0.698230088
rs9619311,C,22,None,0.29787234,0.366352201,0.335294118,0.092261905,0.288927336,0.180851064,0.224252492,0.69380531
rs10800746,C,1,Non-HLA,0.813829787,0.70754717,0.911764706,0.765873016,0.705882353,0.436170213,0.53986711,0.591150442
rs12727642,A,1,Non-HLA,0.159574468,0.099056604,0.017647059,0.058531746,0.197231834,0.093085106,0.141196013,0.007964602
rs1359062,G,1,Non-HLA,0.760638298,0.825471698,0.570588235,0.801587302,0.8183391,0.928191489,0.92358804,0.528318584
rs2068824,C,1,Non-HLA,0.074468085,0.044025157,0.017647059,0.266865079,0.065743945,0.031914894,0.024916944,0.079646018
rs4445406,T,1,Non-HLA,0.558510638,0.660377358,0.370588235,0.464285714,0.65916955,0.45212766,0.476744186,0.444247788
rs72657048,G,1,Non-HLA,0.654255319,0.567610063,0.9,0.68452381,0.519031142,0.609042553,0.593023256,0.184070796
rs1018326,C,2,Non-HLA,0.553191489,0.426100629,0.735294118,0.735119048,0.453287197,0.670212766,0.664451827,0.498230088
rs13003464,G,2,Non-HLA,0.345744681,0.399371069,0.123529412,0.041666667,0.35467128,0.143617021,0.182724252,0.928318584
rs13010713,G,2,Non-HLA,0.553191489,0.407232704,0.735294118,0.736111111,0.461937716,0.686170213,0.672757475,0.496460177
rs990171,A,2,Non-HLA,0.345744681,0.262578616,0.758823529,0.416666667,0.219723183,0.462765957,0.426910299,0.103539823
rs1464510,A,3,Non-HLA,0.425531915,0.433962264,0.647058824,0.604166667,0.522491349,0.489361702,0.490033223,0.209734513
rs17810546,G,3,Non-HLA,0.10106383,0.091194969,0.070588235,0,0.103806228,0.013297872,0.044850498,0.000884956
rs2030519,A,3,Non-HLA,0.54787234,0.511006289,0.682352941,0.628968254,0.57266436,0.670212766,0.659468439,0.839823009
rs2605393,G,3,Non-HLA,0.35106383,0.309748428,0.370588235,0.303571429,0.285467128,0.32712766,0.362126246,0.654867257
rs4678523,C,3,Non-HLA,0.292553191,0.338050314,0.476470588,0.10515873,0.262975779,0.236702128,0.227574751,0.231858407
rs61579022,A,3,Non-HLA,0.345744681,0.360062893,0.517647059,0.341269841,0.380622837,0.279255319,0.313953488,0.021238938
rs7616215,C,3,Non-HLA,0.281914894,0.338050314,0.182352941,0.126984127,0.373702422,0.396276596,0.485049834,0.492035398
rs1032355,C,4,Non-HLA,0.20212766,0.199685535,0.141176471,0.215277778,0.128027682,0.164893617,0.117940199,0.471681416
rs13128441,C,4,Non-HLA,0.239361702,0.295597484,0.182352941,0.089285714,0.205882353,0.162234043,0.156146179,0.230973451
rs13132308,A,4,Non-HLA,0.909574468,0.883647799,0.970588235,0.999007937,0.826989619,0.933510638,0.915282392,0.989380531
rs6822844,G,4,Non-HLA,0.909574468,0.88836478,0.970588235,0.999007937,0.828719723,0.944148936,0.92358804,0.99380531
rs10806425,A,6,Non-HLA,0.425531915,0.427672956,0.317647059,0.088293651,0.397923875,0.337765957,0.370431894,0.171681416
rs17264332,G,6,Non-HLA,0.122340426,0.152515723,0.058823529,0.003968254,0.173010381,0.098404255,0.096345515,0.097345133
rs182429,A,6,Non-HLA,0.579787234,0.396226415,0.717647059,0.552579365,0.461937716,0.345744681,0.387043189,0.701769912
rs2327832,G,6,Non-HLA,0.127659574,0.155660377,0.058823529,0.003968254,0.166089965,0.119680851,0.104651163,0.092920354
rs55743914,T,6,Non-HLA,0.20212766,0.226415094,0.170588235,0.023809524,0.216262976,0.111702128,0.131229236,0.100884956
rs7753008,C,6,Non-HLA,0.345744681,0.372641509,0.258823529,0.004960317,0.380622837,0.295212766,0.315614618,0.053097345
rs802734,G,6,Non-HLA,0.25,0.268867925,0.176470588,0.150793651,0.288927336,0.234042553,0.249169435,0.104424779
rs6974491,A,7,Non-HLA,0.154255319,0.133647799,0.152941176,0.003968254,0.152249135,0.098404255,0.079734219,0.067256637
rs10886159,C,10,Non-HLA,0.29787234,0.289308176,0.476470588,0.549603175,0.202422145,0.146276596,0.109634551,0.251327434
rs1250552,A,10,Non-HLA,0.563829787,0.572327044,0.552941176,0.299603175,0.529411765,0.348404255,0.433554817,0.215044248
rs4930144,A,11,Non-HLA,0.558510638,0.683962264,0.382352941,0.280753968,0.685121107,0.571808511,0.573089701,0.830973451
rs61907765,T,11,Non-HLA,0.175531915,0.237421384,0.211764706,0.00297619,0.212802768,0.058510638,0.074750831,0.009734513
rs3184504,C,12,Non-HLA,0.712765957,0.539308176,0.905882353,0.99702381,0.565743945,0.962765957,0.911960133,0.986725664
rs1958589,C,14,Non-HLA,0.292553191,0.139937107,0.505882353,0.090277778,0.162629758,0.087765957,0.074750831,0.345132743
rs17760268,C,17,Non-HLA,0.882978723,0.90408805,0.976470588,1,0.932525952,0.941489362,0.955149502,0.995575221
rs11875687,C,18,Non-HLA,0.085106383,0.124213836,0.076470588,0.298611111,0.14532872,0.17287234,0.161129568,0.221238938
rs1893217,G,18,Non-HLA,0.095744681,0.099056604,0.023529412,0.192460317,0.153979239,0.196808511,0.166112957,0.030973451
rs2664156,C,19,Non-HLA,0.787234043,0.794025157,0.652941176,0.844246032,0.820069204,0.75,0.76744186,0.784955752
rs157640,G,20,Non-HLA,0.478723404,0.556603774,0.441176471,0.631944444,0.58650519,0.494680851,0.476744186,0.109734513
rs58911644,A,21,Non-HLA,0.829787234,0.759433962,0.976470588,0.778769841,0.823529412,0.82712766,0.813953488,0.901769912
rs424232,C,6,HLA,0.808510638,0.657232704,0.664705882,0.643849206,0.792387543,0.595744681,0.656146179,0.687610619
rs4686484,G,3,Non-HLA,0.4521276595744681,0.4889937106918239,0.3176470588235294,0.37202380952380953,0.4273356401384083,0.32978723404255317,0.33554817275747506,0.1584070796460177
